Model_Name,Sample_Index,Word_Count,BLEU_Score,Latency_Sec,Status
llama3.2:1b,1,224,0.229861,6.4680,SUCCESS
qwen2.5:1.5b,1,224,0.235241,6.3829,SUCCESS
qwen2:1.5b,1,224,0.224693,6.5814,SUCCESS
qwen2.5:3b,1,224,0.259076,11.1358,SUCCESS
llama3.2:1b,2,682,0.017350,10.8852,SUCCESS
qwen2.5:1.5b,2,682,0.375672,13.4185,SUCCESS
qwen2:1.5b,2,682,0.020593,10.4622,SUCCESS
qwen2.5:3b,2,682,0.250137,20.6086,SUCCESS
llama3.2:1b,3,866,0.000000,60.0035,FAILED: timed out
qwen2.5:1.5b,3,866,0.031148,13.4293,SUCCESS
qwen2:1.5b,3,866,0.271344,15.1004,SUCCESS
qwen2.5:3b,3,866,0.354256,26.7498,SUCCESS
llama3.2:1b,4,531,0.036064,8.3260,SUCCESS
qwen2.5:1.5b,4,531,0.314567,9.5725,SUCCESS
qwen2:1.5b,4,531,0.309668,7.8155,SUCCESS
qwen2.5:3b,4,531,0.381421,16.1759,SUCCESS
llama3.2:1b,5,287,0.026303,5.0519,SUCCESS
qwen2.5:1.5b,5,287,0.000000,1.6148,SUCCESS
qwen2:1.5b,5,287,0.322853,5.9194,SUCCESS
qwen2.5:3b,5,287,0.390277,10.8244,SUCCESS
llama3.2:1b,6,231,0.020709,4.9884,SUCCESS
qwen2.5:1.5b,6,231,0.298185,5.0386,SUCCESS
qwen2:1.5b,6,231,0.257850,5.2358,SUCCESS
qwen2.5:3b,6,231,0.357951,9.1214,SUCCESS
llama3.2:1b,7,445,0.108884,5.9429,SUCCESS
qwen2.5:1.5b,7,445,0.010436,6.9755,SUCCESS
qwen2:1.5b,7,445,0.144691,6.1981,SUCCESS
qwen2.5:3b,7,445,0.065768,12.0336,SUCCESS
llama3.2:1b,8,228,0.034122,5.0170,SUCCESS
qwen2.5:1.5b,8,228,0.030094,3.9855,SUCCESS
qwen2:1.5b,8,228,0.027897,4.1821,SUCCESS
qwen2.5:3b,8,228,0.031568,7.4655,SUCCESS
llama3.2:1b,9,480,0.102525,5.8857,SUCCESS
qwen2.5:1.5b,9,480,0.274349,9.2598,SUCCESS
qwen2:1.5b,9,480,0.046534,7.2493,SUCCESS
qwen2.5:3b,9,480,0.333371,16.0844,SUCCESS
llama3.2:1b,10,470,0.340056,8.8863,SUCCESS
qwen2.5:1.5b,10,470,0.333450,8.8816,SUCCESS
qwen2:1.5b,10,470,0.364951,8.1446,SUCCESS
qwen2.5:3b,10,470,0.398389,15.7553,SUCCESS
llama3.2:1b,11,741,0.015261,10.0984,SUCCESS
qwen2.5:1.5b,11,741,0.242864,12.1662,SUCCESS
qwen2:1.5b,11,741,0.116968,8.4256,SUCCESS
qwen2.5:3b,11,741,0.356065,25.3670,SUCCESS
llama3.2:1b,12,211,0.055881,6.3590,SUCCESS
qwen2.5:1.5b,12,211,0.056754,5.2622,SUCCESS
qwen2:1.5b,12,211,0.177719,5.5528,SUCCESS
qwen2.5:3b,12,211,0.325585,9.5878,SUCCESS
llama3.2:1b,13,436,0.279987,8.3181,SUCCESS
qwen2.5:1.5b,13,436,0.246671,9.2217,SUCCESS
qwen2:1.5b,13,436,0.137941,6.1008,SUCCESS
qwen2.5:3b,13,436,0.348718,15.1158,SUCCESS
llama3.2:1b,14,110,0.327707,4.2006,SUCCESS
qwen2.5:1.5b,14,110,0.033054,2.7620,SUCCESS
qwen2:1.5b,14,110,0.031968,3.3201,SUCCESS
qwen2.5:3b,14,110,0.032923,5.3391,SUCCESS
llama3.2:1b,15,108,0.030622,3.5285,SUCCESS
qwen2.5:1.5b,15,108,0.298819,3.1874,SUCCESS
qwen2:1.5b,15,108,0.280530,3.4789,SUCCESS
qwen2.5:3b,15,108,0.000000,5.0107,SUCCESS
llama3.2:1b,16,630,0.292437,11.2818,SUCCESS
qwen2.5:1.5b,16,630,0.333759,11.4427,SUCCESS
qwen2:1.5b,16,630,0.277974,10.1759,SUCCESS
qwen2.5:3b,16,630,0.406787,19.6471,SUCCESS
llama3.2:1b,17,1075,0.046831,10.4073,SUCCESS
qwen2.5:1.5b,17,1075,0.204309,16.0071,SUCCESS
qwen2:1.5b,17,1075,0.188377,16.8711,SUCCESS
qwen2.5:3b,17,1075,0.343906,33.9723,SUCCESS
llama3.2:1b,18,155,0.040253,4.2023,SUCCESS
qwen2.5:1.5b,18,155,0.383226,4.4621,SUCCESS
qwen2:1.5b,18,155,0.353137,4.2592,SUCCESS
qwen2.5:3b,18,155,0.000021,6.2801,SUCCESS
llama3.2:1b,19,931,0.248516,15.1775,SUCCESS
qwen2.5:1.5b,19,931,0.266124,14.3291,SUCCESS
qwen2:1.5b,19,931,0.119246,11.2910,SUCCESS
qwen2.5:3b,19,931,0.357317,27.7278,SUCCESS
llama3.2:1b,20,301,0.046763,5.8732,SUCCESS
qwen2.5:1.5b,20,301,0.279275,6.7851,SUCCESS
qwen2:1.5b,20,301,0.299510,6.1246,SUCCESS
qwen2.5:3b,20,301,0.426640,11.6638,SUCCESS
llama3.2:1b,21,278,0.017832,4.5279,SUCCESS
qwen2.5:1.5b,21,278,0.426496,6.1613,SUCCESS
qwen2:1.5b,21,278,0.054244,4.9949,SUCCESS
qwen2.5:3b,21,278,0.248762,9.8216,SUCCESS
llama3.2:1b,22,301,0.027825,4.9033,SUCCESS
qwen2.5:1.5b,22,301,0.375207,6.6558,SUCCESS
qwen2:1.5b,22,301,0.176647,4.3881,SUCCESS
qwen2.5:3b,22,301,0.403310,11.1792,SUCCESS
llama3.2:1b,23,278,0.017832,4.5137,SUCCESS
qwen2.5:1.5b,23,278,0.370067,6.1417,SUCCESS
qwen2:1.5b,23,278,0.000292,2.7209,SUCCESS
qwen2.5:3b,23,278,0.414879,11.2379,SUCCESS
llama3.2:1b,24,270,0.030232,4.9817,SUCCESS
qwen2.5:1.5b,24,270,0.282063,5.4425,SUCCESS
qwen2:1.5b,24,270,0.338484,5.4592,SUCCESS
qwen2.5:3b,24,270,0.379952,9.5816,SUCCESS
llama3.2:1b,25,485,0.022773,6.8153,SUCCESS
qwen2.5:1.5b,25,485,0.380001,9.1859,SUCCESS
qwen2:1.5b,25,485,0.292609,7.6313,SUCCESS
qwen2.5:3b,25,485,0.470833,15.9035,SUCCESS
llama3.2:1b,26,207,0.017276,4.5919,SUCCESS
qwen2.5:1.5b,26,207,0.293405,4.8659,SUCCESS
qwen2:1.5b,26,207,0.285206,4.8165,SUCCESS
qwen2.5:3b,26,207,0.378169,8.3476,SUCCESS
llama3.2:1b,27,283,0.038517,5.3561,SUCCESS
qwen2.5:1.5b,27,283,0.316034,5.9283,SUCCESS
qwen2:1.5b,27,283,0.280838,6.0866,SUCCESS
qwen2.5:3b,27,283,0.423336,10.9512,SUCCESS
llama3.2:1b,28,286,0.022634,5.4575,SUCCESS
qwen2.5:1.5b,28,286,0.334455,6.0073,SUCCESS
qwen2:1.5b,28,286,0.326061,5.7859,SUCCESS
qwen2.5:3b,28,286,0.300388,10.7436,SUCCESS
llama3.2:1b,29,546,0.031853,7.9819,SUCCESS
qwen2.5:1.5b,29,546,0.422305,9.3864,SUCCESS
qwen2:1.5b,29,546,0.305773,8.7010,SUCCESS
qwen2.5:3b,29,546,0.457924,16.2741,SUCCESS
llama3.2:1b,30,894,0.255181,14.3112,SUCCESS
qwen2.5:1.5b,30,894,0.207765,16.3358,SUCCESS
qwen2:1.5b,30,894,0.017976,11.6921,SUCCESS
qwen2.5:3b,30,894,0.330577,26.2171,SUCCESS
llama3.2:1b,31,419,0.008742,6.7199,SUCCESS
qwen2.5:1.5b,31,419,0.378502,7.5993,SUCCESS
qwen2:1.5b,31,419,0.318353,8.1692,SUCCESS
qwen2.5:3b,31,419,0.455539,13.8899,SUCCESS
llama3.2:1b,32,730,0.028687,9.6584,SUCCESS
qwen2.5:1.5b,32,730,0.337962,13.0304,SUCCESS
qwen2:1.5b,32,730,0.103756,8.1304,SUCCESS
qwen2.5:3b,32,730,0.357401,22.2698,SUCCESS
llama3.2:1b,33,247,0.019486,4.0735,SUCCESS
qwen2.5:1.5b,33,247,0.042698,4.2137,SUCCESS
qwen2:1.5b,33,247,0.290600,5.2258,SUCCESS
qwen2.5:3b,33,247,0.382033,9.3805,SUCCESS
llama3.2:1b,34,528,0.245484,8.2570,SUCCESS
qwen2.5:1.5b,34,528,0.327715,10.2435,SUCCESS
qwen2:1.5b,34,528,0.278320,8.8520,SUCCESS
qwen2.5:3b,34,528,0.310208,23.0500,SUCCESS
llama3.2:1b,35,297,0.027421,5.6846,SUCCESS
qwen2.5:1.5b,35,297,0.182707,5.9025,SUCCESS
qwen2:1.5b,35,297,0.211291,5.7461,SUCCESS
qwen2.5:3b,35,297,0.011733,8.7863,SUCCESS
llama3.2:1b,36,328,0.035677,5.8399,SUCCESS
qwen2.5:1.5b,36,328,0.293283,7.0193,SUCCESS
qwen2:1.5b,36,328,0.257324,6.3289,SUCCESS
qwen2.5:3b,36,328,0.352737,12.0054,SUCCESS
llama3.2:1b,37,193,0.026459,4.2996,SUCCESS
qwen2.5:1.5b,37,193,0.340582,4.6048,SUCCESS
qwen2:1.5b,37,193,0.269940,4.5423,SUCCESS
qwen2.5:3b,37,193,0.423338,8.1890,SUCCESS
llama3.2:1b,38,158,0.022238,4.2392,SUCCESS
qwen2.5:1.5b,38,158,0.387933,3.8640,SUCCESS
qwen2:1.5b,38,158,0.413988,4.0125,SUCCESS
qwen2.5:3b,38,158,0.416886,6.9283,SUCCESS
llama3.2:1b,39,249,0.028766,4.8568,SUCCESS
qwen2.5:1.5b,39,249,0.306608,5.3450,SUCCESS
qwen2:1.5b,39,249,0.221707,4.7500,SUCCESS
qwen2.5:3b,39,249,0.431657,9.2997,SUCCESS
llama3.2:1b,40,674,0.153086,9.0352,SUCCESS
qwen2.5:1.5b,40,674,0.000000,6.2003,SUCCESS
qwen2:1.5b,40,674,0.005818,5.1946,SUCCESS
qwen2.5:3b,40,674,0.408750,20.6853,SUCCESS
llama3.2:1b,41,254,0.023848,4.2264,SUCCESS
qwen2.5:1.5b,41,254,0.033226,3.8598,SUCCESS
qwen2:1.5b,41,254,0.037239,4.3266,SUCCESS
qwen2.5:3b,41,254,0.033484,7.1366,SUCCESS
llama3.2:1b,42,273,0.029726,4.9866,SUCCESS
qwen2.5:1.5b,42,273,0.043015,4.7360,SUCCESS
qwen2:1.5b,42,273,0.000000,2.2553,SUCCESS
qwen2.5:3b,42,273,0.393143,9.8659,SUCCESS
llama3.2:1b,43,205,0.343873,5.1079,SUCCESS
qwen2.5:1.5b,43,205,0.324880,4.3246,SUCCESS
qwen2:1.5b,43,205,0.392709,4.6050,SUCCESS
qwen2.5:3b,43,205,0.525781,8.3365,SUCCESS
llama3.2:1b,44,476,0.325074,8.4447,SUCCESS
qwen2.5:1.5b,44,476,0.378907,8.6239,SUCCESS
qwen2:1.5b,44,476,0.224264,8.8479,SUCCESS
qwen2.5:3b,44,476,0.424632,14.9731,SUCCESS
llama3.2:1b,45,97,0.207799,3.6772,SUCCESS
qwen2.5:1.5b,45,97,0.043326,2.5108,SUCCESS
qwen2:1.5b,45,97,0.048142,3.0054,SUCCESS
qwen2.5:3b,45,97,0.046269,4.9441,SUCCESS
llama3.2:1b,46,345,0.072048,5.8865,SUCCESS
qwen2.5:1.5b,46,345,0.000000,60.0263,FAILED: timed out
qwen2:1.5b,46,345,0.264662,7.1122,SUCCESS
qwen2.5:3b,46,345,0.174929,11.2263,SUCCESS
llama3.2:1b,47,544,0.027070,7.3469,SUCCESS
qwen2.5:1.5b,47,544,0.406200,9.5818,SUCCESS
qwen2:1.5b,47,544,0.000000,60.0099,FAILED: timed out
qwen2.5:3b,47,544,0.450218,16.5444,SUCCESS
llama3.2:1b,48,894,0.243036,15.5771,SUCCESS
qwen2.5:1.5b,48,894,0.226167,13.3751,SUCCESS
qwen2:1.5b,48,894,0.016949,11.6096,SUCCESS
qwen2.5:3b,48,894,0.334167,26.9387,SUCCESS
llama3.2:1b,49,328,0.000127,3.2730,SUCCESS
qwen2.5:1.5b,49,328,0.251369,7.1136,SUCCESS
qwen2:1.5b,49,328,0.282164,6.2874,SUCCESS
qwen2.5:3b,49,328,0.345498,12.1223,SUCCESS
llama3.2:1b,50,193,0.029960,4.4085,SUCCESS
qwen2.5:1.5b,50,193,0.363122,4.5744,SUCCESS
qwen2:1.5b,50,193,0.312207,4.7674,SUCCESS
qwen2.5:3b,50,193,0.409891,8.2220,SUCCESS
llama3.2:1b,51,205,0.350791,4.8557,SUCCESS
qwen2.5:1.5b,51,205,0.387455,4.5775,SUCCESS
qwen2:1.5b,51,205,0.434952,4.7399,SUCCESS
qwen2.5:3b,51,205,0.337968,7.5086,SUCCESS
llama3.2:1b,52,422,0.023541,7.1114,SUCCESS
qwen2.5:1.5b,52,422,0.296858,8.5326,SUCCESS
qwen2:1.5b,52,422,0.220957,7.2371,SUCCESS
qwen2.5:3b,52,422,0.437828,15.0218,SUCCESS
llama3.2:1b,53,192,0.326846,5.1672,SUCCESS
qwen2.5:1.5b,53,192,0.308483,4.7277,SUCCESS
qwen2:1.5b,53,192,0.330220,4.5746,SUCCESS
qwen2.5:3b,53,192,0.411776,7.8267,SUCCESS
llama3.2:1b,54,312,0.014981,5.3734,SUCCESS
qwen2.5:1.5b,54,312,0.300877,6.5313,SUCCESS
qwen2:1.5b,54,312,0.252187,6.4896,SUCCESS
qwen2.5:3b,54,312,0.389831,11.4998,SUCCESS
llama3.2:1b,55,504,0.039878,7.9666,SUCCESS
qwen2.5:1.5b,55,504,0.040726,7.4713,SUCCESS
qwen2:1.5b,55,504,0.242337,9.0715,SUCCESS
qwen2.5:3b,55,504,0.337814,15.8807,SUCCESS
llama3.2:1b,56,844,0.000000,3.2416,SUCCESS
qwen2.5:1.5b,56,844,0.294748,15.2103,SUCCESS
qwen2:1.5b,56,844,0.293237,12.9485,SUCCESS
qwen2.5:3b,56,844,0.408646,25.2871,SUCCESS
llama3.2:1b,57,262,0.010744,5.3294,SUCCESS
qwen2.5:1.5b,57,262,0.009265,4.0258,SUCCESS
qwen2:1.5b,57,262,0.010144,4.5294,SUCCESS
qwen2.5:3b,57,262,0.010465,8.0042,SUCCESS
llama3.2:1b,58,271,0.011513,4.0145,SUCCESS
qwen2.5:1.5b,58,271,0.199451,4.8217,SUCCESS
qwen2:1.5b,58,271,0.234986,5.7122,SUCCESS
qwen2.5:3b,58,271,0.386223,10.1995,SUCCESS
llama3.2:1b,59,683,0.279228,11.7322,SUCCESS
qwen2.5:1.5b,59,683,0.352306,12.8360,SUCCESS
qwen2:1.5b,59,683,0.164726,7.9735,SUCCESS
qwen2.5:3b,59,683,0.298944,16.7995,SUCCESS
llama3.2:1b,60,195,0.000011,2.7591,SUCCESS
qwen2.5:1.5b,60,195,0.378954,4.4903,SUCCESS
qwen2:1.5b,60,195,0.314836,4.6777,SUCCESS
qwen2.5:3b,60,195,0.421142,7.8025,SUCCESS
llama3.2:1b,61,755,0.029054,6.5710,SUCCESS
qwen2.5:1.5b,61,755,0.291278,14.2003,SUCCESS
qwen2:1.5b,61,755,0.000000,60.0120,FAILED: timed out
qwen2.5:3b,61,755,0.049312,19.3352,SUCCESS
llama3.2:1b,62,216,0.036995,4.7124,SUCCESS
qwen2.5:1.5b,62,216,0.000000,60.0139,FAILED: timed out
qwen2:1.5b,62,216,0.359996,4.6741,SUCCESS
qwen2.5:3b,62,216,0.448957,8.2894,SUCCESS
llama3.2:1b,63,969,0.010821,13.4228,SUCCESS
qwen2.5:1.5b,63,969,0.301215,17.5589,SUCCESS
qwen2:1.5b,63,969,0.002207,5.0943,SUCCESS
qwen2.5:3b,63,969,0.406895,27.7925,SUCCESS
llama3.2:1b,64,384,0.040834,6.8553,SUCCESS
qwen2.5:1.5b,64,384,0.040928,6.5480,SUCCESS
qwen2:1.5b,64,384,0.038574,6.3114,SUCCESS
qwen2.5:3b,64,384,0.041303,11.5258,SUCCESS
llama3.2:1b,65,227,0.038196,4.6426,SUCCESS
qwen2.5:1.5b,65,227,0.311621,4.7666,SUCCESS
qwen2:1.5b,65,227,0.312523,5.0086,SUCCESS
qwen2.5:3b,65,227,0.463153,8.5810,SUCCESS
llama3.2:1b,66,271,0.032929,5.3498,SUCCESS
qwen2.5:1.5b,66,271,0.197589,5.7877,SUCCESS
qwen2:1.5b,66,271,0.224544,5.5841,SUCCESS
qwen2.5:3b,66,271,0.268621,10.4571,SUCCESS
llama3.2:1b,67,511,0.043187,8.0239,SUCCESS
qwen2.5:1.5b,67,511,0.248200,8.9204,SUCCESS
qwen2:1.5b,67,511,0.304124,9.3510,SUCCESS
qwen2.5:3b,67,511,0.344281,15.9744,SUCCESS
llama3.2:1b,68,695,0.000000,2.8519,SUCCESS
qwen2.5:1.5b,68,695,0.320395,12.4229,SUCCESS
qwen2:1.5b,68,695,0.306628,11.9841,SUCCESS
qwen2.5:3b,68,695,0.346800,19.7684,SUCCESS
llama3.2:1b,69,799,0.011428,11.3292,SUCCESS
qwen2.5:1.5b,69,799,0.224275,13.1199,SUCCESS
qwen2:1.5b,69,799,0.208592,11.6999,SUCCESS
qwen2.5:3b,69,799,0.352310,23.3782,SUCCESS
llama3.2:1b,70,1021,0.010823,13.9426,SUCCESS
qwen2.5:1.5b,70,1021,0.283504,17.9843,SUCCESS
qwen2:1.5b,70,1021,0.235531,15.2843,SUCCESS
qwen2.5:3b,70,1021,0.380636,28.3264,SUCCESS
llama3.2:1b,71,412,0.234580,8.9072,SUCCESS
qwen2.5:1.5b,71,412,0.040106,7.0849,SUCCESS
qwen2:1.5b,71,412,0.043744,6.8575,SUCCESS
qwen2.5:3b,71,412,0.043345,12.2449,SUCCESS
llama3.2:1b,72,184,0.047570,4.4445,SUCCESS
qwen2.5:1.5b,72,184,0.040492,3.4696,SUCCESS
qwen2:1.5b,72,184,0.044568,3.8090,SUCCESS
qwen2.5:3b,72,184,0.267336,7.7455,SUCCESS
llama3.2:1b,73,331,0.027283,5.2535,SUCCESS
qwen2.5:1.5b,73,331,0.341175,6.3835,SUCCESS
qwen2:1.5b,73,331,0.305178,6.4516,SUCCESS
qwen2.5:3b,73,331,0.419123,11.0816,SUCCESS
llama3.2:1b,74,289,0.238113,6.2535,SUCCESS
qwen2.5:1.5b,74,289,0.238579,6.3160,SUCCESS
qwen2:1.5b,74,289,0.228263,6.0188,SUCCESS
qwen2.5:3b,74,289,0.331356,10.5891,SUCCESS
llama3.2:1b,75,259,0.041333,5.2382,SUCCESS
qwen2.5:1.5b,75,259,0.334837,5.6552,SUCCESS
qwen2:1.5b,75,259,0.289502,5.7848,SUCCESS
qwen2.5:3b,75,259,0.503963,9.7853,SUCCESS
llama3.2:1b,76,410,0.282601,7.9891,SUCCESS
qwen2.5:1.5b,76,410,0.035154,5.9837,SUCCESS
qwen2:1.5b,76,410,0.034943,6.0428,SUCCESS
qwen2.5:3b,76,410,0.288267,13.8426,SUCCESS
llama3.2:1b,77,371,0.016442,6.7192,SUCCESS
qwen2.5:1.5b,77,371,0.242446,7.7234,SUCCESS
qwen2:1.5b,77,371,0.218055,6.8238,SUCCESS
qwen2.5:3b,77,371,0.386690,12.6168,SUCCESS
llama3.2:1b,78,371,0.025447,6.4440,SUCCESS
qwen2.5:1.5b,78,371,0.279022,6.4350,SUCCESS
qwen2:1.5b,78,371,0.234858,6.5238,SUCCESS
qwen2.5:3b,78,371,0.401125,13.5844,SUCCESS
llama3.2:1b,79,183,0.334616,4.8239,SUCCESS
qwen2.5:1.5b,79,183,0.018839,3.3117,SUCCESS
qwen2:1.5b,79,183,0.014131,3.4501,SUCCESS
qwen2.5:3b,79,183,0.018737,6.1615,SUCCESS
llama3.2:1b,80,319,0.036154,5.7326,SUCCESS
qwen2.5:1.5b,80,319,0.334001,6.2563,SUCCESS
qwen2:1.5b,80,319,0.023231,3.1648,SUCCESS
qwen2.5:3b,80,319,0.418090,11.2138,SUCCESS
llama3.2:1b,81,322,0.041478,5.9912,SUCCESS
qwen2.5:1.5b,81,322,0.219096,6.3745,SUCCESS
qwen2:1.5b,81,322,0.192678,5.3189,SUCCESS
qwen2.5:3b,81,322,0.349024,11.7174,SUCCESS
llama3.2:1b,82,371,0.031772,6.7160,SUCCESS
qwen2.5:1.5b,82,371,0.367674,7.7766,SUCCESS
qwen2:1.5b,82,371,0.305009,6.8003,SUCCESS
qwen2.5:3b,82,371,0.404573,13.5382,SUCCESS
llama3.2:1b,83,319,0.036154,5.7143,SUCCESS
qwen2.5:1.5b,83,319,0.036561,4.9907,SUCCESS
qwen2:1.5b,83,319,0.302157,6.3604,SUCCESS
qwen2.5:3b,83,319,0.474417,10.9777,SUCCESS
llama3.2:1b,84,322,0.041478,5.9897,SUCCESS
qwen2.5:1.5b,84,322,0.259238,6.2944,SUCCESS
qwen2:1.5b,84,322,0.062421,4.4099,SUCCESS
qwen2.5:3b,84,322,0.318715,11.4731,SUCCESS
llama3.2:1b,85,208,0.011840,4.6525,SUCCESS
qwen2.5:1.5b,85,208,0.011620,3.7995,SUCCESS
qwen2:1.5b,85,208,0.170224,6.7069,SUCCESS
qwen2.5:3b,85,208,0.397092,8.2531,SUCCESS
llama3.2:1b,86,340,0.032981,5.4283,SUCCESS
qwen2.5:1.5b,86,340,0.389512,6.6598,SUCCESS
qwen2:1.5b,86,340,0.310336,6.7921,SUCCESS
qwen2.5:3b,86,340,0.434317,11.5994,SUCCESS
llama3.2:1b,87,371,0.020378,5.7230,SUCCESS
qwen2.5:1.5b,87,371,0.366070,7.8212,SUCCESS
qwen2:1.5b,87,371,0.347736,6.9621,SUCCESS
qwen2.5:3b,87,371,0.361943,13.0240,SUCCESS
llama3.2:1b,88,319,0.036154,5.7228,SUCCESS
qwen2.5:1.5b,88,319,0.036561,4.9924,SUCCESS
qwen2:1.5b,88,319,0.038013,5.2317,SUCCESS
qwen2.5:3b,88,319,0.421338,10.8216,SUCCESS
llama3.2:1b,89,322,0.012730,4.0106,SUCCESS
qwen2.5:1.5b,89,322,0.033797,4.9205,SUCCESS
qwen2:1.5b,89,322,0.007478,3.0394,SUCCESS
qwen2.5:3b,89,322,0.000000,4.2482,SUCCESS
llama3.2:1b,90,340,0.000001,2.8168,SUCCESS
qwen2.5:1.5b,90,340,0.345015,6.7261,SUCCESS
qwen2:1.5b,90,340,0.265473,6.4570,SUCCESS
qwen2.5:3b,90,340,0.448826,11.4894,SUCCESS
llama3.2:1b,91,282,0.025172,5.4484,SUCCESS
qwen2.5:1.5b,91,282,0.367368,5.9485,SUCCESS
qwen2:1.5b,91,282,0.398437,5.6037,SUCCESS
qwen2.5:3b,91,282,0.502717,9.8234,SUCCESS
llama3.2:1b,92,371,0.020378,5.7005,SUCCESS
qwen2.5:1.5b,92,371,0.359977,7.8945,SUCCESS
qwen2:1.5b,92,371,0.319494,6.9875,SUCCESS
qwen2.5:3b,92,371,0.352546,12.5012,SUCCESS
llama3.2:1b,93,319,0.001474,3.4319,SUCCESS
qwen2.5:1.5b,93,319,0.036561,4.9922,SUCCESS
qwen2:1.5b,93,319,0.038027,5.1385,SUCCESS
qwen2.5:3b,93,319,0.451184,10.7909,SUCCESS
llama3.2:1b,94,322,0.041478,5.9629,SUCCESS
qwen2.5:1.5b,94,322,0.034337,4.9278,SUCCESS
qwen2:1.5b,94,322,0.179189,4.8772,SUCCESS
qwen2.5:3b,94,322,0.039529,9.0519,SUCCESS
llama3.2:1b,95,340,0.000001,2.8303,SUCCESS
qwen2.5:1.5b,95,340,0.346161,6.4667,SUCCESS
qwen2:1.5b,95,340,0.318568,6.7110,SUCCESS
qwen2.5:3b,95,340,0.426442,11.3597,SUCCESS
llama3.2:1b,96,342,0.000000,2.7182,SUCCESS
qwen2.5:1.5b,96,342,0.030033,5.3334,SUCCESS
qwen2:1.5b,96,342,0.000000,2.3045,SUCCESS
qwen2.5:3b,96,342,0.335611,11.0473,SUCCESS
llama3.2:1b,97,366,0.031807,6.6672,SUCCESS
qwen2.5:1.5b,97,366,0.380688,7.7207,SUCCESS
qwen2:1.5b,97,366,0.293138,6.9563,SUCCESS
qwen2.5:3b,97,366,0.436324,12.8560,SUCCESS
llama3.2:1b,98,321,0.036754,5.8240,SUCCESS
qwen2.5:1.5b,98,321,0.378745,6.0654,SUCCESS
qwen2:1.5b,98,321,0.293119,6.3334,SUCCESS
qwen2.5:3b,98,321,0.431314,11.0475,SUCCESS
llama3.2:1b,99,328,0.036918,5.8683,SUCCESS
qwen2.5:1.5b,99,328,0.035866,5.0039,SUCCESS
qwen2:1.5b,99,328,0.207065,6.0579,SUCCESS
qwen2.5:3b,99,328,0.375712,11.2647,SUCCESS
llama3.2:1b,100,338,0.000000,2.7890,SUCCESS
qwen2.5:1.5b,100,338,0.315092,6.9954,SUCCESS
qwen2:1.5b,100,338,0.198178,5.3179,SUCCESS
qwen2.5:3b,100,338,0.440106,11.7797,SUCCESS
llama3.2:1b,101,343,0.006272,3.8539,SUCCESS
qwen2.5:1.5b,101,343,0.322502,6.1105,SUCCESS
qwen2:1.5b,101,343,0.035782,4.1454,SUCCESS
qwen2.5:3b,101,343,0.340254,10.9469,SUCCESS
llama3.2:1b,102,356,0.302076,7.0020,SUCCESS
qwen2.5:1.5b,102,356,0.360790,6.9510,SUCCESS
qwen2:1.5b,102,356,0.266211,5.8605,SUCCESS
qwen2.5:3b,102,356,0.429065,11.6353,SUCCESS
llama3.2:1b,103,249,0.025764,4.6020,SUCCESS
qwen2.5:1.5b,103,249,0.345609,5.2956,SUCCESS
qwen2:1.5b,103,249,0.189452,4.7450,SUCCESS
qwen2.5:3b,103,249,0.416728,9.3355,SUCCESS
llama3.2:1b,104,358,0.251918,7.6583,SUCCESS
qwen2.5:1.5b,104,358,0.228854,7.2766,SUCCESS
qwen2:1.5b,104,358,0.198341,6.9172,SUCCESS
qwen2.5:3b,104,358,0.279836,12.9669,SUCCESS
llama3.2:1b,105,161,0.034627,3.5988,SUCCESS
qwen2.5:1.5b,105,161,0.318053,3.7379,SUCCESS
qwen2:1.5b,105,161,0.247689,3.7248,SUCCESS
qwen2.5:3b,105,161,0.376898,6.9459,SUCCESS
llama3.2:1b,106,330,0.272401,6.7401,SUCCESS
qwen2.5:1.5b,106,330,0.015095,5.3525,SUCCESS
qwen2:1.5b,106,330,0.015264,5.5196,SUCCESS
qwen2.5:3b,106,330,0.144768,9.8917,SUCCESS
llama3.2:1b,107,353,0.304017,7.0925,SUCCESS
qwen2.5:1.5b,107,353,0.251296,6.0862,SUCCESS
qwen2:1.5b,107,353,0.271212,6.3495,SUCCESS
qwen2.5:3b,107,353,0.321102,11.4477,SUCCESS
llama3.2:1b,108,615,0.000000,2.8325,SUCCESS
qwen2.5:1.5b,108,615,0.356201,10.7202,SUCCESS
qwen2:1.5b,108,615,0.393711,10.4308,SUCCESS
qwen2.5:3b,108,615,0.468852,18.7600,SUCCESS
llama3.2:1b,109,291,0.028457,5.4755,SUCCESS
qwen2.5:1.5b,109,291,0.298790,6.2386,SUCCESS
qwen2:1.5b,109,291,0.253433,5.9573,SUCCESS
qwen2.5:3b,109,291,0.389392,10.5108,SUCCESS
llama3.2:1b,110,334,0.363145,6.7626,SUCCESS
qwen2.5:1.5b,110,334,0.310680,6.6340,SUCCESS
qwen2:1.5b,110,334,0.282162,6.9653,SUCCESS
qwen2.5:3b,110,334,0.432346,11.6611,SUCCESS
llama3.2:1b,111,136,0.048312,3.9736,SUCCESS
qwen2.5:1.5b,111,136,0.045694,3.0723,SUCCESS
qwen2:1.5b,111,136,0.049955,3.6513,SUCCESS
qwen2.5:3b,111,136,0.045776,5.7594,SUCCESS
llama3.2:1b,112,353,0.281179,7.3303,SUCCESS
qwen2.5:1.5b,112,353,0.236809,6.4970,SUCCESS
qwen2:1.5b,112,353,0.253697,6.7921,SUCCESS
qwen2.5:3b,112,353,0.322182,11.3115,SUCCESS
llama3.2:1b,113,291,0.028457,5.5026,SUCCESS
qwen2.5:1.5b,113,291,0.353223,6.1635,SUCCESS
qwen2:1.5b,113,291,0.284005,5.8138,SUCCESS
qwen2.5:3b,113,291,0.414754,10.3633,SUCCESS
llama3.2:1b,114,334,0.000029,3.0433,SUCCESS
qwen2.5:1.5b,114,334,0.311531,6.7518,SUCCESS
qwen2:1.5b,114,334,0.309403,6.4280,SUCCESS
qwen2.5:3b,114,334,0.439249,11.9474,SUCCESS
llama3.2:1b,115,212,0.045297,4.6322,SUCCESS
qwen2.5:1.5b,115,212,0.047428,3.9333,SUCCESS
qwen2:1.5b,115,212,0.239486,4.5977,SUCCESS
qwen2.5:3b,115,212,0.368205,8.3327,SUCCESS
llama3.2:1b,116,145,0.061353,3.9263,SUCCESS
qwen2.5:1.5b,116,145,0.021415,3.0807,SUCCESS
qwen2:1.5b,116,145,0.289585,3.9782,SUCCESS
qwen2.5:3b,116,145,0.476944,6.6615,SUCCESS
llama3.2:1b,117,353,0.281769,7.0701,SUCCESS
qwen2.5:1.5b,117,353,0.259998,6.0319,SUCCESS
qwen2:1.5b,117,353,0.227486,6.4571,SUCCESS
qwen2.5:3b,117,353,0.323782,11.2608,SUCCESS
llama3.2:1b,118,145,0.061353,3.9221,SUCCESS
qwen2.5:1.5b,118,145,0.021165,3.0325,SUCCESS
qwen2:1.5b,118,145,0.261737,3.9763,SUCCESS
qwen2.5:3b,118,145,0.510160,6.6952,SUCCESS
llama3.2:1b,119,232,0.016886,5.1932,SUCCESS
qwen2.5:1.5b,119,232,0.343789,5.0737,SUCCESS
qwen2:1.5b,119,232,0.289881,5.1804,SUCCESS
qwen2.5:3b,119,232,0.450609,9.5515,SUCCESS
llama3.2:1b,120,352,0.133263,5.0333,SUCCESS
qwen2.5:1.5b,120,352,0.342476,6.5995,SUCCESS
qwen2:1.5b,120,352,0.248683,5.7397,SUCCESS
qwen2.5:3b,120,352,0.361788,11.5976,SUCCESS
llama3.2:1b,121,330,0.029266,5.9713,SUCCESS
qwen2.5:1.5b,121,330,0.292354,6.5256,SUCCESS
qwen2:1.5b,121,330,0.296031,6.5380,SUCCESS
qwen2.5:3b,121,330,0.372581,11.8286,SUCCESS
llama3.2:1b,122,187,0.038943,4.4860,SUCCESS
qwen2.5:1.5b,122,187,0.039154,3.6136,SUCCESS
qwen2:1.5b,122,187,0.000046,2.2961,SUCCESS
qwen2.5:3b,122,187,0.123636,7.9903,SUCCESS
llama3.2:1b,123,436,0.014954,7.0086,SUCCESS
qwen2.5:1.5b,123,436,0.317527,8.1764,SUCCESS
qwen2:1.5b,123,436,0.240153,6.6730,SUCCESS
qwen2.5:3b,123,436,0.439282,14.6177,SUCCESS
llama3.2:1b,124,240,0.000570,3.0925,SUCCESS
qwen2.5:1.5b,124,240,0.293608,5.2454,SUCCESS
qwen2:1.5b,124,240,0.352201,5.3766,SUCCESS
qwen2.5:3b,124,240,0.353040,9.4158,SUCCESS
llama3.2:1b,125,358,0.518369,6.2642,SUCCESS
qwen2.5:1.5b,125,358,0.646794,6.5598,SUCCESS
qwen2:1.5b,125,358,0.504237,5.9605,SUCCESS
qwen2.5:3b,125,358,0.610386,10.9085,SUCCESS
llama3.2:1b,126,232,0.010727,3.0600,SUCCESS
qwen2.5:1.5b,126,232,0.219554,5.1911,SUCCESS
qwen2:1.5b,126,232,0.267059,5.2066,SUCCESS
qwen2.5:3b,126,232,0.265598,8.6428,SUCCESS
llama3.2:1b,127,436,0.017119,7.2292,SUCCESS
qwen2.5:1.5b,127,436,0.355029,7.8946,SUCCESS
qwen2:1.5b,127,436,0.230826,6.6198,SUCCESS
qwen2.5:3b,127,436,0.409492,14.7973,SUCCESS
llama3.2:1b,128,259,0.012381,4.1210,SUCCESS
qwen2.5:1.5b,128,259,0.303763,5.9464,SUCCESS
qwen2:1.5b,128,259,0.384878,5.4423,SUCCESS
qwen2.5:3b,128,259,0.053076,8.5681,SUCCESS
llama3.2:1b,129,403,0.754675,6.5289,SUCCESS
qwen2.5:1.5b,129,403,0.798387,6.3762,SUCCESS
qwen2:1.5b,129,403,0.365204,5.0441,SUCCESS
qwen2.5:3b,129,403,0.652141,11.0402,SUCCESS
llama3.2:1b,130,378,0.310356,7.2194,SUCCESS
qwen2.5:1.5b,130,378,0.362292,7.5345,SUCCESS
qwen2:1.5b,130,378,0.309168,6.7844,SUCCESS
qwen2.5:3b,130,378,0.376785,12.5414,SUCCESS
llama3.2:1b,131,128,0.267558,4.1581,SUCCESS
qwen2.5:1.5b,131,128,0.292245,3.5188,SUCCESS
qwen2:1.5b,131,128,0.260324,3.6394,SUCCESS
qwen2.5:3b,131,128,0.417040,6.2423,SUCCESS
llama3.2:1b,132,436,0.042012,7.0926,SUCCESS
qwen2.5:1.5b,132,436,0.324430,7.8816,SUCCESS
qwen2:1.5b,132,436,0.216752,6.1786,SUCCESS
qwen2.5:3b,132,436,0.438147,14.7643,SUCCESS
llama3.2:1b,133,301,0.006460,5.5448,SUCCESS
qwen2.5:1.5b,133,301,0.258616,5.7960,SUCCESS
qwen2:1.5b,133,301,0.000000,2.3614,SUCCESS
qwen2.5:3b,133,301,0.000000,7.5522,SUCCESS
llama3.2:1b,134,504,0.051867,6.4376,SUCCESS
qwen2.5:1.5b,134,504,0.353350,9.0791,SUCCESS
qwen2:1.5b,134,504,0.000000,60.0255,FAILED: timed out
qwen2.5:3b,134,504,0.072955,7.1232,SUCCESS
llama3.2:1b,135,649,0.535504,7.5631,SUCCESS
qwen2.5:1.5b,135,649,0.148205,6.1914,SUCCESS
qwen2:1.5b,135,649,0.017143,4.8783,SUCCESS
qwen2.5:3b,135,649,0.681981,13.9795,SUCCESS
llama3.2:1b,136,255,0.002893,3.5124,SUCCESS
qwen2.5:1.5b,136,255,0.248794,6.3447,SUCCESS
qwen2:1.5b,136,255,0.032515,4.6078,SUCCESS
qwen2.5:3b,136,255,0.379693,9.5457,SUCCESS
llama3.2:1b,137,436,0.035746,6.8400,SUCCESS
qwen2.5:1.5b,137,436,0.318704,7.7827,SUCCESS
qwen2:1.5b,137,436,0.301949,7.4954,SUCCESS
qwen2.5:3b,137,436,0.439919,14.7915,SUCCESS
llama3.2:1b,138,484,0.286606,8.3816,SUCCESS
qwen2.5:1.5b,138,484,0.311805,9.4608,SUCCESS
qwen2:1.5b,138,484,0.100738,7.2158,SUCCESS
qwen2.5:3b,138,484,0.316481,14.5941,SUCCESS
llama3.2:1b,139,168,0.400815,4.7251,SUCCESS
qwen2.5:1.5b,139,168,0.337016,4.1493,SUCCESS
qwen2:1.5b,139,168,0.325739,4.2916,SUCCESS
qwen2.5:3b,139,168,0.420385,7.4761,SUCCESS
llama3.2:1b,140,215,0.230812,4.5885,SUCCESS
qwen2.5:1.5b,140,215,0.061066,3.9248,SUCCESS
qwen2:1.5b,140,215,0.061066,4.2597,SUCCESS
qwen2.5:3b,140,215,0.061382,7.2954,SUCCESS
llama3.2:1b,141,956,0.052795,12.5389,SUCCESS
qwen2.5:1.5b,141,956,0.259106,16.7450,SUCCESS
qwen2:1.5b,141,956,0.253824,13.6597,SUCCESS
qwen2.5:3b,141,956,0.289214,27.5915,SUCCESS
llama3.2:1b,142,436,0.014601,6.9829,SUCCESS
qwen2.5:1.5b,142,436,0.311511,7.7050,SUCCESS
qwen2:1.5b,142,436,0.311761,8.0539,SUCCESS
qwen2.5:3b,142,436,0.413659,14.6612,SUCCESS
llama3.2:1b,143,956,0.052366,12.5613,SUCCESS
qwen2.5:1.5b,143,956,0.273209,17.2211,SUCCESS
qwen2:1.5b,143,956,0.258268,14.7326,SUCCESS
qwen2.5:3b,143,956,0.303144,27.1985,SUCCESS
llama3.2:1b,144,307,0.018608,5.7614,SUCCESS
qwen2.5:1.5b,144,307,0.345479,6.0823,SUCCESS
qwen2:1.5b,144,307,0.334518,6.0274,SUCCESS
qwen2.5:3b,144,307,0.261640,10.1746,SUCCESS
llama3.2:1b,145,217,0.048601,4.9180,SUCCESS
qwen2.5:1.5b,145,217,0.287842,5.2713,SUCCESS
qwen2:1.5b,145,217,0.187479,5.0565,SUCCESS
qwen2.5:3b,145,217,0.361722,8.9178,SUCCESS
llama3.2:1b,146,274,0.021254,5.1799,SUCCESS
qwen2.5:1.5b,146,274,0.292507,5.2865,SUCCESS
qwen2:1.5b,146,274,0.191580,5.3190,SUCCESS
qwen2.5:3b,146,274,0.369165,9.4539,SUCCESS
llama3.2:1b,147,436,0.015066,6.9434,SUCCESS
qwen2.5:1.5b,147,436,0.331429,8.1536,SUCCESS
qwen2:1.5b,147,436,0.000000,2.3958,SUCCESS
qwen2.5:3b,147,436,0.432283,14.2745,SUCCESS
llama3.2:1b,148,956,0.052734,12.4808,SUCCESS
qwen2.5:1.5b,148,956,0.258274,17.1215,SUCCESS
qwen2:1.5b,148,956,0.261910,15.3188,SUCCESS
qwen2.5:3b,148,956,0.287811,27.4679,SUCCESS
llama3.2:1b,149,240,0.000000,2.7830,SUCCESS
qwen2.5:1.5b,149,240,0.301144,5.7487,SUCCESS
qwen2:1.5b,149,240,0.239033,5.6856,SUCCESS
qwen2.5:3b,149,240,0.417416,9.7678,SUCCESS
llama3.2:1b,150,497,0.178828,8.1445,SUCCESS
qwen2.5:1.5b,150,497,0.000000,5.1079,SUCCESS
qwen2:1.5b,150,497,0.190247,8.0166,SUCCESS
qwen2.5:3b,150,497,0.139335,11.5696,SUCCESS
llama3.2:1b,151,718,0.027675,9.7471,SUCCESS
qwen2.5:1.5b,151,718,0.165643,10.3861,SUCCESS
qwen2:1.5b,151,718,0.178104,8.9062,SUCCESS
qwen2.5:3b,151,718,0.000000,60.0371,FAILED: timed out
llama3.2:1b,152,439,0.007978,7.0805,SUCCESS
qwen2.5:1.5b,152,439,0.311593,7.8497,SUCCESS
qwen2:1.5b,152,439,0.303616,7.3482,SUCCESS
qwen2.5:3b,152,439,0.426440,14.2030,SUCCESS
llama3.2:1b,153,953,0.000000,3.2479,SUCCESS
qwen2.5:1.5b,153,953,0.242972,16.8854,SUCCESS
qwen2:1.5b,153,953,0.000006,10.4516,SUCCESS
qwen2.5:3b,153,953,0.272188,27.2875,SUCCESS
llama3.2:1b,154,502,0.214935,8.2700,SUCCESS
qwen2.5:1.5b,154,502,0.000000,5.3731,SUCCESS
qwen2:1.5b,154,502,0.116794,6.7644,SUCCESS
qwen2.5:3b,154,502,0.000000,10.7199,SUCCESS
llama3.2:1b,155,315,0.267168,6.5468,SUCCESS
qwen2.5:1.5b,155,315,0.314324,6.7211,SUCCESS
qwen2:1.5b,155,315,0.343964,6.2754,SUCCESS
qwen2.5:3b,155,315,0.433290,11.4709,SUCCESS
llama3.2:1b,156,417,0.046296,6.2275,SUCCESS
qwen2.5:1.5b,156,417,0.381767,7.9584,SUCCESS
qwen2:1.5b,156,417,0.283603,7.2544,SUCCESS
qwen2.5:3b,156,417,0.452813,13.6929,SUCCESS
llama3.2:1b,157,502,0.217232,8.2447,SUCCESS
qwen2.5:1.5b,157,502,0.000000,4.9937,SUCCESS
qwen2:1.5b,157,502,0.131858,6.8308,SUCCESS
qwen2.5:3b,157,502,0.000000,10.7004,SUCCESS
llama3.2:1b,158,315,0.304811,6.9459,SUCCESS
qwen2.5:1.5b,158,315,0.320924,6.7165,SUCCESS
qwen2:1.5b,158,315,0.296039,6.7178,SUCCESS
qwen2.5:3b,158,315,0.432602,11.3979,SUCCESS
llama3.2:1b,159,438,0.130396,6.4680,SUCCESS
qwen2.5:1.5b,159,438,0.054478,6.9904,SUCCESS
qwen2:1.5b,159,438,0.247578,7.5729,SUCCESS
qwen2.5:3b,159,438,0.318104,14.9706,SUCCESS
llama3.2:1b,160,354,0.043254,6.4033,SUCCESS
qwen2.5:1.5b,160,354,0.251034,8.0492,SUCCESS
qwen2:1.5b,160,354,0.019165,32.0469,SUCCESS
qwen2.5:3b,160,354,0.292842,12.7528,SUCCESS
llama3.2:1b,161,318,0.040416,5.7506,SUCCESS
qwen2.5:1.5b,161,318,0.295910,6.1477,SUCCESS
qwen2:1.5b,161,318,0.212045,6.0891,SUCCESS
qwen2.5:3b,161,318,0.000000,8.3652,SUCCESS
llama3.2:1b,162,315,0.246170,6.5962,SUCCESS
qwen2.5:1.5b,162,315,0.295015,6.7513,SUCCESS
qwen2:1.5b,162,315,0.184769,6.3676,SUCCESS
qwen2.5:3b,162,315,0.420136,11.5190,SUCCESS
llama3.2:1b,163,372,0.012665,6.0791,SUCCESS
qwen2.5:1.5b,163,372,0.271148,7.0630,SUCCESS
qwen2:1.5b,163,372,0.243302,7.0678,SUCCESS
qwen2.5:3b,163,372,0.287197,11.0501,SUCCESS
llama3.2:1b,164,315,0.238002,7.7321,SUCCESS
qwen2.5:1.5b,164,315,0.269303,6.2646,SUCCESS
qwen2:1.5b,164,315,0.025495,5.4035,SUCCESS
qwen2.5:3b,164,315,0.326741,12.9106,SUCCESS
llama3.2:1b,165,227,0.389182,5.5293,SUCCESS
qwen2.5:1.5b,165,227,0.316224,5.3117,SUCCESS
qwen2:1.5b,165,227,0.239868,5.4487,SUCCESS
qwen2.5:3b,165,227,0.416430,8.9817,SUCCESS
llama3.2:1b,166,315,0.021116,6.0972,SUCCESS
qwen2.5:1.5b,166,315,0.236321,7.0119,SUCCESS
qwen2:1.5b,166,315,0.255758,6.0511,SUCCESS
qwen2.5:3b,166,315,0.391439,12.4087,SUCCESS
llama3.2:1b,167,315,0.307463,6.8230,SUCCESS
qwen2.5:1.5b,167,315,0.297971,6.6258,SUCCESS
qwen2:1.5b,167,315,0.321966,6.2997,SUCCESS
qwen2.5:3b,167,315,0.436287,11.3393,SUCCESS
llama3.2:1b,168,285,0.041498,5.5869,SUCCESS
qwen2.5:1.5b,168,285,0.042094,4.8198,SUCCESS
qwen2:1.5b,168,285,0.042279,4.9869,SUCCESS
qwen2.5:3b,168,285,0.361497,10.7166,SUCCESS
llama3.2:1b,169,801,0.000000,2.6309,SUCCESS
qwen2.5:1.5b,169,801,0.208287,10.6628,SUCCESS
qwen2:1.5b,169,801,0.215973,10.0202,SUCCESS
qwen2.5:3b,169,801,0.472319,23.6437,SUCCESS
llama3.2:1b,170,556,0.000000,2.6308,SUCCESS
qwen2.5:1.5b,170,556,0.151634,7.6092,SUCCESS
qwen2:1.5b,170,556,0.000000,60.0149,FAILED: timed out
qwen2.5:3b,170,556,0.028735,13.7816,SUCCESS
llama3.2:1b,171,248,0.347216,5.9601,SUCCESS
qwen2.5:1.5b,171,248,0.337317,5.9148,SUCCESS
qwen2:1.5b,171,248,0.088808,4.7004,SUCCESS
qwen2.5:3b,171,248,0.410806,9.9993,SUCCESS
llama3.2:1b,172,315,0.326941,7.2510,SUCCESS
qwen2.5:1.5b,172,315,0.286401,6.5447,SUCCESS
qwen2:1.5b,172,315,0.347369,6.5934,SUCCESS
qwen2.5:3b,172,315,0.428328,11.4939,SUCCESS
llama3.2:1b,173,395,0.008167,6.6548,SUCCESS
qwen2.5:1.5b,173,395,0.287675,7.7497,SUCCESS
qwen2:1.5b,173,395,0.260983,7.0840,SUCCESS
qwen2.5:3b,173,395,0.388351,13.7945,SUCCESS
llama3.2:1b,174,116,0.366687,3.9682,SUCCESS
qwen2.5:1.5b,174,116,0.357650,3.1770,SUCCESS
qwen2:1.5b,174,116,0.322578,3.4768,SUCCESS
qwen2.5:3b,174,116,0.461645,5.8911,SUCCESS
llama3.2:1b,175,400,0.024060,6.6877,SUCCESS
qwen2.5:1.5b,175,400,0.190495,7.3600,SUCCESS
qwen2:1.5b,175,400,0.187432,7.3865,SUCCESS
qwen2.5:3b,175,400,0.343543,14.0376,SUCCESS
llama3.2:1b,176,306,0.023374,5.9416,SUCCESS
qwen2.5:1.5b,176,306,0.023975,5.3219,SUCCESS
qwen2:1.5b,176,306,0.070874,3.8512,SUCCESS
qwen2.5:3b,176,306,0.369199,11.0690,SUCCESS
llama3.2:1b,177,315,0.309892,7.0270,SUCCESS
qwen2.5:1.5b,177,315,0.289162,6.8748,SUCCESS
qwen2:1.5b,177,315,0.259665,5.4263,SUCCESS
qwen2.5:3b,177,315,0.404027,11.3699,SUCCESS
llama3.2:1b,178,400,0.024060,6.7193,SUCCESS
qwen2.5:1.5b,178,400,0.185204,7.4836,SUCCESS
qwen2:1.5b,178,400,0.199001,7.8699,SUCCESS
qwen2.5:3b,178,400,0.330902,14.5428,SUCCESS
llama3.2:1b,179,284,0.338572,6.4220,SUCCESS
qwen2.5:1.5b,179,284,0.301351,5.8530,SUCCESS
qwen2:1.5b,179,284,0.038141,4.8955,SUCCESS
qwen2.5:3b,179,284,0.317935,9.6114,SUCCESS
llama3.2:1b,180,317,0.014298,6.1674,SUCCESS
qwen2.5:1.5b,180,317,0.012365,5.2514,SUCCESS
qwen2:1.5b,180,317,0.014287,5.4630,SUCCESS
qwen2.5:3b,180,317,0.314503,11.2793,SUCCESS
llama3.2:1b,181,241,0.036846,5.1491,SUCCESS
qwen2.5:1.5b,181,241,0.228542,5.5537,SUCCESS
qwen2:1.5b,181,241,0.217269,5.2816,SUCCESS
qwen2.5:3b,181,241,0.256305,9.1304,SUCCESS
llama3.2:1b,182,315,0.317495,7.0096,SUCCESS
qwen2.5:1.5b,182,315,0.311159,6.4522,SUCCESS
qwen2:1.5b,182,315,0.338790,6.2804,SUCCESS
qwen2.5:3b,182,315,0.453358,11.4769,SUCCESS
llama3.2:1b,183,317,0.014298,6.1323,SUCCESS
qwen2.5:1.5b,183,317,0.012223,5.2747,SUCCESS
qwen2:1.5b,183,317,0.156193,6.4229,SUCCESS
qwen2.5:3b,183,317,0.263096,11.5240,SUCCESS
llama3.2:1b,184,241,0.028765,4.9639,SUCCESS
qwen2.5:1.5b,184,241,0.036247,4.3642,SUCCESS
qwen2:1.5b,184,241,0.255078,5.2196,SUCCESS
qwen2.5:3b,184,241,0.244302,8.8064,SUCCESS
llama3.2:1b,185,243,0.278266,5.9881,SUCCESS
qwen2.5:1.5b,185,243,0.246076,5.2890,SUCCESS
qwen2:1.5b,185,243,0.233179,5.1386,SUCCESS
qwen2.5:3b,185,243,0.302220,9.6600,SUCCESS
llama3.2:1b,186,295,0.000000,2.7654,SUCCESS
qwen2.5:1.5b,186,295,0.040099,4.9071,SUCCESS
qwen2:1.5b,186,295,0.046487,5.0803,SUCCESS
qwen2.5:3b,186,295,0.046928,8.9553,SUCCESS
llama3.2:1b,187,315,0.299875,6.9579,SUCCESS
qwen2.5:1.5b,187,315,0.279716,6.6440,SUCCESS
qwen2:1.5b,187,315,0.245156,5.3931,SUCCESS
qwen2.5:3b,187,315,0.428405,11.4338,SUCCESS
llama3.2:1b,188,364,0.025652,5.9333,SUCCESS
qwen2.5:1.5b,188,364,0.212289,7.0872,SUCCESS
qwen2:1.5b,188,364,0.221175,6.4354,SUCCESS
qwen2.5:3b,188,364,0.320627,13.1893,SUCCESS
llama3.2:1b,189,328,0.273208,6.2882,SUCCESS
qwen2.5:1.5b,189,328,0.013483,5.2544,SUCCESS
qwen2:1.5b,189,328,0.298793,5.7332,SUCCESS
qwen2.5:3b,189,328,0.460819,11.2345,SUCCESS
llama3.2:1b,190,499,0.005761,5.6163,SUCCESS
qwen2.5:1.5b,190,499,0.241062,9.1953,SUCCESS
qwen2:1.5b,190,499,0.264400,8.5906,SUCCESS
qwen2.5:3b,190,499,0.397300,16.2259,SUCCESS
llama3.2:1b,191,232,0.035992,4.9106,SUCCESS
qwen2.5:1.5b,191,232,0.034833,3.9007,SUCCESS
qwen2:1.5b,191,232,0.152819,5.4571,SUCCESS
qwen2.5:3b,191,232,0.337081,9.1209,SUCCESS
llama3.2:1b,192,315,0.344493,7.0525,SUCCESS
qwen2.5:1.5b,192,315,0.333013,6.7548,SUCCESS
qwen2:1.5b,192,315,0.374347,6.4432,SUCCESS
qwen2.5:3b,192,315,0.393617,11.2252,SUCCESS
llama3.2:1b,193,621,0.372972,10.5906,SUCCESS
qwen2.5:1.5b,193,621,0.413491,11.9531,SUCCESS
qwen2:1.5b,193,621,0.086643,7.8362,SUCCESS
qwen2.5:3b,193,621,0.514933,19.3840,SUCCESS
llama3.2:1b,194,363,0.015760,6.1986,SUCCESS
qwen2.5:1.5b,194,363,0.000000,5.2051,SUCCESS
qwen2:1.5b,194,363,0.204771,6.5011,SUCCESS
qwen2.5:3b,194,363,0.367952,13.4442,SUCCESS
llama3.2:1b,195,584,0.275939,8.9142,SUCCESS
qwen2.5:1.5b,195,584,0.027615,8.2012,SUCCESS
qwen2:1.5b,195,584,0.027615,7.9141,SUCCESS
qwen2.5:3b,195,584,0.385832,17.1754,SUCCESS
llama3.2:1b,196,191,0.001819,3.1869,SUCCESS
qwen2.5:1.5b,196,191,0.339866,4.6751,SUCCESS
qwen2:1.5b,196,191,0.000000,60.0167,FAILED: timed out
qwen2.5:3b,196,191,0.403913,8.7524,SUCCESS
llama3.2:1b,197,315,0.316004,7.0651,SUCCESS
qwen2.5:1.5b,197,315,0.319277,6.8208,SUCCESS
qwen2:1.5b,197,315,0.320093,6.4481,SUCCESS
qwen2.5:3b,197,315,0.408725,11.3148,SUCCESS
llama3.2:1b,198,363,0.015760,6.2269,SUCCESS
qwen2.5:1.5b,198,363,0.000000,5.5443,SUCCESS
qwen2:1.5b,198,363,0.260145,7.7322,SUCCESS
qwen2.5:3b,198,363,0.354875,13.9026,SUCCESS
llama3.2:1b,199,739,0.038642,43.7443,SUCCESS
qwen2.5:1.5b,199,739,0.233290,13.2250,SUCCESS
qwen2:1.5b,199,739,0.019597,8.5715,SUCCESS
qwen2.5:3b,199,739,0.027226,18.1227,SUCCESS
llama3.2:1b,200,240,0.034180,4.2251,SUCCESS
qwen2.5:1.5b,200,240,0.278731,5.7582,SUCCESS
qwen2:1.5b,200,240,0.207928,5.4152,SUCCESS
qwen2.5:3b,200,240,0.325175,9.3233,SUCCESS
llama3.2:1b,201,346,0.010782,4.8369,SUCCESS
qwen2.5:1.5b,201,346,0.222300,7.0655,SUCCESS
qwen2:1.5b,201,346,0.220086,6.6270,SUCCESS
qwen2.5:3b,201,346,0.299401,12.4310,SUCCESS
llama3.2:1b,202,330,0.353673,7.1302,SUCCESS
qwen2.5:1.5b,202,330,0.322630,6.7399,SUCCESS
qwen2:1.5b,202,330,0.311295,6.3536,SUCCESS
qwen2.5:3b,202,330,0.411012,11.4553,SUCCESS
llama3.2:1b,203,791,0.221314,11.5411,SUCCESS
qwen2.5:1.5b,203,791,0.279779,13.3772,SUCCESS
qwen2:1.5b,203,791,0.024761,9.9832,SUCCESS
qwen2.5:3b,203,791,0.028654,18.7080,SUCCESS
llama3.2:1b,204,562,0.326522,9.6532,SUCCESS
qwen2.5:1.5b,204,562,0.020243,7.9142,SUCCESS
qwen2:1.5b,204,562,0.020560,7.7855,SUCCESS
qwen2.5:3b,204,562,0.052108,13.5473,SUCCESS
llama3.2:1b,205,1130,0.000000,2.8030,SUCCESS
qwen2.5:1.5b,205,1130,0.000000,60.0391,FAILED: timed out
qwen2:1.5b,205,1130,0.138328,15.6322,SUCCESS
qwen2.5:3b,205,1130,0.023240,26.1911,SUCCESS
llama3.2:1b,206,553,0.261262,9.9369,SUCCESS
qwen2.5:1.5b,206,553,0.323474,10.1351,SUCCESS
qwen2:1.5b,206,553,0.256546,8.6882,SUCCESS
qwen2.5:3b,206,553,0.421243,16.5211,SUCCESS
llama3.2:1b,207,506,0.264560,9.3790,SUCCESS
qwen2.5:1.5b,207,506,0.029058,7.5562,SUCCESS
qwen2:1.5b,207,506,0.029157,7.3646,SUCCESS
qwen2.5:3b,207,506,0.394719,15.9822,SUCCESS
llama3.2:1b,208,247,0.055570,5.3210,SUCCESS
qwen2.5:1.5b,208,247,0.265106,5.0836,SUCCESS
qwen2:1.5b,208,247,0.240845,5.0666,SUCCESS
qwen2.5:3b,208,247,0.327996,9.3394,SUCCESS
llama3.2:1b,209,232,0.487867,5.7248,SUCCESS
qwen2.5:1.5b,209,232,0.029517,4.0148,SUCCESS
qwen2:1.5b,209,232,0.024386,4.2965,SUCCESS
qwen2.5:3b,209,232,0.029517,7.4374,SUCCESS
llama3.2:1b,210,401,0.043075,6.0940,SUCCESS
qwen2.5:1.5b,210,401,0.267034,7.5033,SUCCESS
qwen2:1.5b,210,401,0.333909,7.1427,SUCCESS
qwen2.5:3b,210,401,0.456062,12.2016,SUCCESS
llama3.2:1b,211,308,0.000002,2.9016,SUCCESS
qwen2.5:1.5b,211,308,0.046910,5.0142,SUCCESS
qwen2:1.5b,211,308,0.047536,5.1992,SUCCESS
qwen2.5:3b,211,308,0.048674,9.2471,SUCCESS
llama3.2:1b,212,493,0.211497,8.4739,SUCCESS
qwen2.5:1.5b,212,493,0.042062,6.9905,SUCCESS
qwen2:1.5b,212,493,0.266663,8.5325,SUCCESS
qwen2.5:3b,212,493,0.045743,12.4007,SUCCESS
llama3.2:1b,213,278,0.037876,5.3079,SUCCESS
qwen2.5:1.5b,213,278,0.290015,5.7845,SUCCESS
qwen2:1.5b,213,278,0.227497,5.5121,SUCCESS
qwen2.5:3b,213,278,0.448302,10.2764,SUCCESS
llama3.2:1b,214,752,0.320349,13.1142,SUCCESS
qwen2.5:1.5b,214,752,0.265727,11.5177,SUCCESS
qwen2:1.5b,214,752,0.279765,10.9592,SUCCESS
qwen2.5:3b,214,752,0.454151,22.7640,SUCCESS
llama3.2:1b,215,147,0.335784,4.3320,SUCCESS
qwen2.5:1.5b,215,147,0.034290,3.0966,SUCCESS
qwen2:1.5b,215,147,0.036163,3.4820,SUCCESS
qwen2.5:3b,215,147,0.358587,6.7312,SUCCESS
llama3.2:1b,216,340,0.031996,5.2435,SUCCESS
qwen2.5:1.5b,216,340,0.267512,6.6234,SUCCESS
qwen2:1.5b,216,340,0.217653,5.6813,SUCCESS
qwen2.5:3b,216,340,0.299928,11.4943,SUCCESS
llama3.2:1b,217,498,0.008379,6.7014,SUCCESS
qwen2.5:1.5b,217,498,0.011870,7.0821,SUCCESS
qwen2:1.5b,217,498,0.015226,6.8545,SUCCESS
qwen2.5:3b,217,498,0.449643,15.6069,SUCCESS
llama3.2:1b,218,1122,0.015969,15.0346,SUCCESS
qwen2.5:1.5b,218,1122,0.261708,18.1815,SUCCESS
qwen2:1.5b,218,1122,0.000000,2.5201,SUCCESS
qwen2.5:3b,218,1122,0.367023,33.8424,SUCCESS
llama3.2:1b,219,597,0.294301,10.8653,SUCCESS
qwen2.5:1.5b,219,597,0.366907,11.1017,SUCCESS
qwen2:1.5b,219,597,0.114900,8.6735,SUCCESS
qwen2.5:3b,219,597,0.448395,18.8882,SUCCESS
llama3.2:1b,220,859,0.137916,9.1627,SUCCESS
qwen2.5:1.5b,220,859,0.284314,13.9557,SUCCESS
qwen2:1.5b,220,859,0.013198,10.6796,SUCCESS
qwen2.5:3b,220,859,0.445639,24.1790,SUCCESS
llama3.2:1b,221,752,0.018942,12.5140,SUCCESS
qwen2.5:1.5b,221,752,0.032387,15.7901,SUCCESS
qwen2:1.5b,221,752,0.042699,9.2665,SUCCESS
qwen2.5:3b,221,752,0.041545,22.9503,SUCCESS
llama3.2:1b,222,282,0.027589,5.3312,SUCCESS
qwen2.5:1.5b,222,282,0.263750,6.0019,SUCCESS
qwen2:1.5b,222,282,0.225832,5.9361,SUCCESS
qwen2.5:3b,222,282,0.300749,10.4435,SUCCESS
llama3.2:1b,223,256,0.245177,5.8740,SUCCESS
qwen2.5:1.5b,223,256,0.368500,5.5848,SUCCESS
qwen2:1.5b,223,256,0.353407,5.8693,SUCCESS
qwen2.5:3b,223,256,0.433640,9.7151,SUCCESS
llama3.2:1b,224,172,0.347064,4.7874,SUCCESS
qwen2.5:1.5b,224,172,0.318402,3.7301,SUCCESS
qwen2:1.5b,224,172,0.000604,2.6686,SUCCESS
qwen2.5:3b,224,172,0.475169,7.2816,SUCCESS
llama3.2:1b,225,207,0.022650,4.4702,SUCCESS
qwen2.5:1.5b,225,207,0.047593,3.7879,SUCCESS
qwen2:1.5b,225,207,0.229808,4.8297,SUCCESS
qwen2.5:3b,225,207,0.373987,8.5061,SUCCESS
llama3.2:1b,226,181,0.256800,4.4664,SUCCESS
qwen2.5:1.5b,226,181,0.013969,3.4946,SUCCESS
qwen2:1.5b,226,181,0.014471,3.9046,SUCCESS
qwen2.5:3b,226,181,0.014321,6.5923,SUCCESS
llama3.2:1b,227,766,0.000000,2.9768,SUCCESS
qwen2.5:1.5b,227,766,0.262463,14.2088,SUCCESS
qwen2:1.5b,227,766,0.033503,5.9764,SUCCESS
qwen2.5:3b,227,766,0.005721,16.8327,SUCCESS
llama3.2:1b,228,390,0.355184,7.3673,SUCCESS
qwen2.5:1.5b,228,390,0.024590,5.9276,SUCCESS
qwen2:1.5b,228,390,0.024202,5.8526,SUCCESS
qwen2.5:3b,228,390,0.025130,10.6140,SUCCESS
llama3.2:1b,229,288,0.392073,6.3110,SUCCESS
qwen2.5:1.5b,229,288,0.368700,5.9939,SUCCESS
qwen2:1.5b,229,288,0.017515,4.7827,SUCCESS
qwen2.5:3b,229,288,0.000000,7.9883,SUCCESS
llama3.2:1b,230,215,0.024389,4.3546,SUCCESS
qwen2.5:1.5b,230,215,0.030347,3.8126,SUCCESS
qwen2:1.5b,230,215,0.353702,5.0413,SUCCESS
qwen2.5:3b,230,215,0.465029,7.9041,SUCCESS
llama3.2:1b,231,153,0.272629,4.3801,SUCCESS
qwen2.5:1.5b,231,153,0.250070,3.7469,SUCCESS
qwen2:1.5b,231,153,0.282419,3.8376,SUCCESS
qwen2.5:3b,231,153,0.387477,6.7227,SUCCESS
llama3.2:1b,232,289,0.000233,3.0963,SUCCESS
qwen2.5:1.5b,232,289,0.382894,6.2071,SUCCESS
qwen2:1.5b,232,289,0.017551,4.7590,SUCCESS
qwen2.5:3b,232,289,0.000000,7.6646,SUCCESS
llama3.2:1b,233,347,0.256285,6.7397,SUCCESS
qwen2.5:1.5b,233,347,0.038665,5.6820,SUCCESS
qwen2:1.5b,233,347,0.297073,6.3790,SUCCESS
qwen2.5:3b,233,347,0.333579,11.6163,SUCCESS
llama3.2:1b,234,155,0.007753,3.1578,SUCCESS
qwen2.5:1.5b,234,155,0.316652,3.7710,SUCCESS
qwen2:1.5b,234,155,0.371225,3.9036,SUCCESS
qwen2.5:3b,234,155,0.407056,7.0129,SUCCESS
llama3.2:1b,235,515,0.015447,5.6743,SUCCESS
qwen2.5:1.5b,235,515,0.344273,9.4188,SUCCESS
qwen2:1.5b,235,515,0.042101,7.2782,SUCCESS
qwen2.5:3b,235,515,0.415543,15.9583,SUCCESS
llama3.2:1b,236,1155,0.001202,5.1783,SUCCESS
qwen2.5:1.5b,236,1155,0.232342,15.9220,SUCCESS
qwen2:1.5b,236,1155,0.282159,17.4963,SUCCESS
qwen2.5:3b,236,1155,0.378610,30.5855,SUCCESS
llama3.2:1b,237,159,0.070011,4.2936,SUCCESS
qwen2.5:1.5b,237,159,0.334818,4.0918,SUCCESS
qwen2:1.5b,237,159,0.194477,4.2596,SUCCESS
qwen2.5:3b,237,159,0.394532,7.4647,SUCCESS
llama3.2:1b,238,323,0.030160,5.8244,SUCCESS
qwen2.5:1.5b,238,323,0.029558,5.0263,SUCCESS
qwen2:1.5b,238,323,0.282067,6.4051,SUCCESS
qwen2.5:3b,238,323,0.381576,11.4323,SUCCESS
llama3.2:1b,239,579,0.285636,10.4456,SUCCESS
qwen2.5:1.5b,239,579,0.303299,10.6766,SUCCESS
qwen2:1.5b,239,579,0.015405,7.9056,SUCCESS
qwen2.5:3b,239,579,0.376690,18.3180,SUCCESS
llama3.2:1b,240,299,0.300549,6.4930,SUCCESS
qwen2.5:1.5b,240,299,0.050144,5.6151,SUCCESS
qwen2:1.5b,240,299,0.265389,6.0129,SUCCESS
qwen2.5:3b,240,299,0.324182,10.7300,SUCCESS
llama3.2:1b,241,292,0.034773,5.6879,SUCCESS
qwen2.5:1.5b,241,292,0.334323,5.8450,SUCCESS
qwen2:1.5b,241,292,0.353259,5.9799,SUCCESS
qwen2.5:3b,241,292,0.450422,10.4153,SUCCESS
llama3.2:1b,242,336,0.000011,3.0351,SUCCESS
qwen2.5:1.5b,242,336,0.321327,6.6580,SUCCESS
qwen2:1.5b,242,336,0.296631,6.9106,SUCCESS
qwen2.5:3b,242,336,0.341614,11.8289,SUCCESS
llama3.2:1b,243,584,0.029369,8.7268,SUCCESS
qwen2.5:1.5b,243,584,0.028375,8.0412,SUCCESS
qwen2:1.5b,243,584,0.029951,8.0668,SUCCESS
qwen2.5:3b,243,584,0.028859,14.2434,SUCCESS
llama3.2:1b,244,276,0.047751,5.3489,SUCCESS
qwen2.5:1.5b,244,276,0.352312,5.0663,SUCCESS
qwen2:1.5b,244,276,0.099112,5.2132,SUCCESS
qwen2.5:3b,244,276,0.404209,9.7623,SUCCESS
llama3.2:1b,245,383,0.031777,6.7964,SUCCESS
qwen2.5:1.5b,245,383,0.031233,6.1509,SUCCESS
qwen2:1.5b,245,383,0.311373,7.4492,SUCCESS
qwen2.5:3b,245,383,0.380088,13.7206,SUCCESS
llama3.2:1b,246,147,0.017051,3.8676,SUCCESS
qwen2.5:1.5b,246,147,0.016834,2.9157,SUCCESS
qwen2:1.5b,246,147,0.018528,3.5920,SUCCESS
qwen2.5:3b,246,147,0.018165,6.0047,SUCCESS
llama3.2:1b,247,283,0.018778,5.4589,SUCCESS
qwen2.5:1.5b,247,283,0.388051,5.8053,SUCCESS
qwen2:1.5b,247,283,0.300123,6.0863,SUCCESS
qwen2.5:3b,247,283,0.537466,10.6318,SUCCESS
llama3.2:1b,248,207,0.026184,4.4906,SUCCESS
qwen2.5:1.5b,248,207,0.258240,4.9163,SUCCESS
qwen2:1.5b,248,207,0.266723,4.8552,SUCCESS
qwen2.5:3b,248,207,0.374650,8.6394,SUCCESS
llama3.2:1b,249,325,0.024124,5.7506,SUCCESS
qwen2.5:1.5b,249,325,0.395654,6.2217,SUCCESS
qwen2:1.5b,249,325,0.346298,6.2944,SUCCESS
qwen2.5:3b,249,325,0.369448,11.1992,SUCCESS
llama3.2:1b,250,550,0.045692,8.5430,SUCCESS
qwen2.5:1.5b,250,550,0.359620,10.5544,SUCCESS
qwen2:1.5b,250,550,0.046860,8.0086,SUCCESS
qwen2.5:3b,250,550,0.048077,14.7863,SUCCESS
llama3.2:1b,251,147,0.033864,3.8444,SUCCESS
qwen2.5:1.5b,251,147,0.449724,3.8709,SUCCESS
qwen2:1.5b,251,147,0.269879,3.6890,SUCCESS
qwen2.5:3b,251,147,0.494627,6.9425,SUCCESS
llama3.2:1b,252,128,0.050259,3.7402,SUCCESS
qwen2.5:1.5b,252,128,0.339600,3.2681,SUCCESS
qwen2:1.5b,252,128,0.308133,3.8434,SUCCESS
qwen2.5:3b,252,128,0.427716,6.3745,SUCCESS
llama3.2:1b,253,235,0.013057,4.8528,SUCCESS
qwen2.5:1.5b,253,235,0.013137,4.0923,SUCCESS
qwen2:1.5b,253,235,0.013394,4.4245,SUCCESS
qwen2.5:3b,253,235,0.013035,7.4730,SUCCESS
llama3.2:1b,254,843,0.018036,6.3498,SUCCESS
qwen2.5:1.5b,254,843,0.002415,3.8295,SUCCESS
qwen2:1.5b,254,843,0.220832,12.0797,SUCCESS
qwen2.5:3b,254,843,0.314287,22.2059,SUCCESS
llama3.2:1b,255,184,0.014494,3.5995,SUCCESS
qwen2.5:1.5b,255,184,0.261092,3.8212,SUCCESS
qwen2:1.5b,255,184,0.284726,4.5592,SUCCESS
qwen2.5:3b,255,184,0.346810,8.3765,SUCCESS
llama3.2:1b,256,552,0.044151,8.6671,SUCCESS
qwen2.5:1.5b,256,552,0.332990,10.4816,SUCCESS
qwen2:1.5b,256,552,0.017566,5.6071,SUCCESS
qwen2.5:3b,256,552,0.043950,13.9134,SUCCESS
llama3.2:1b,257,196,0.042328,4.6429,SUCCESS
qwen2.5:1.5b,257,196,0.040765,3.6986,SUCCESS
qwen2:1.5b,257,196,0.377358,4.7463,SUCCESS
qwen2.5:3b,257,196,0.331909,7.7412,SUCCESS
llama3.2:1b,258,765,0.255102,12.4384,SUCCESS
qwen2.5:1.5b,258,765,0.284248,13.4519,SUCCESS
qwen2:1.5b,258,765,0.288706,12.2261,SUCCESS
qwen2.5:3b,258,765,0.365148,22.8227,SUCCESS
llama3.2:1b,259,555,0.043619,8.5891,SUCCESS
qwen2.5:1.5b,259,555,0.332293,10.8583,SUCCESS
qwen2:1.5b,259,555,0.047127,8.1157,SUCCESS
qwen2.5:3b,259,555,0.044884,14.0725,SUCCESS
llama3.2:1b,260,196,0.025947,4.5023,SUCCESS
qwen2.5:1.5b,260,196,0.278852,4.1944,SUCCESS
qwen2:1.5b,260,196,0.025565,3.9116,SUCCESS
qwen2.5:3b,260,196,0.258288,7.6831,SUCCESS
llama3.2:1b,261,788,0.010577,10.9173,SUCCESS
qwen2.5:1.5b,261,788,0.130877,11.4659,SUCCESS
qwen2:1.5b,261,788,0.000000,60.0155,FAILED: timed out
qwen2.5:3b,261,788,0.267142,17.8307,SUCCESS
llama3.2:1b,262,256,0.017257,5.1824,SUCCESS
qwen2.5:1.5b,262,256,0.211672,5.0453,SUCCESS
qwen2:1.5b,262,256,0.189047,5.1234,SUCCESS
qwen2.5:3b,262,256,0.249745,9.1640,SUCCESS
llama3.2:1b,263,169,0.042050,4.2228,SUCCESS
qwen2.5:1.5b,263,169,0.281085,4.0209,SUCCESS
qwen2:1.5b,263,169,0.406179,4.1042,SUCCESS
qwen2.5:3b,263,169,0.223497,6.9016,SUCCESS
llama3.2:1b,264,352,0.032942,5.8648,SUCCESS
qwen2.5:1.5b,264,352,0.312208,7.0901,SUCCESS
qwen2:1.5b,264,352,0.235119,6.7412,SUCCESS
qwen2.5:3b,264,352,0.328978,11.7629,SUCCESS
llama3.2:1b,265,229,0.063801,4.7131,SUCCESS
qwen2.5:1.5b,265,229,0.290951,4.6480,SUCCESS
qwen2:1.5b,265,229,0.058798,4.0204,SUCCESS
qwen2.5:3b,265,229,0.429706,8.2501,SUCCESS
llama3.2:1b,266,219,0.032122,4.6676,SUCCESS
qwen2.5:1.5b,266,219,0.325397,5.0166,SUCCESS
qwen2:1.5b,266,219,0.334427,4.8952,SUCCESS
qwen2.5:3b,266,219,0.409757,9.0019,SUCCESS
llama3.2:1b,267,622,0.002719,4.9348,SUCCESS
qwen2.5:1.5b,267,622,0.209228,8.9895,SUCCESS
qwen2:1.5b,267,622,0.011118,8.0997,SUCCESS
qwen2.5:3b,267,622,0.000000,12.3817,SUCCESS
llama3.2:1b,268,558,0.309975,10.8840,SUCCESS
qwen2.5:1.5b,268,558,0.343468,11.0227,SUCCESS
qwen2:1.5b,268,558,0.232229,9.9978,SUCCESS
qwen2.5:3b,268,558,0.413334,18.0188,SUCCESS
llama3.2:1b,269,622,0.000000,3.2015,SUCCESS
qwen2.5:1.5b,269,622,0.011374,8.4990,SUCCESS
qwen2:1.5b,269,622,0.010942,7.7267,SUCCESS
qwen2.5:3b,269,622,0.408161,18.9930,SUCCESS
llama3.2:1b,270,257,0.041569,5.1690,SUCCESS
qwen2.5:1.5b,270,257,0.042609,4.3401,SUCCESS
qwen2:1.5b,270,257,0.318232,5.3386,SUCCESS
qwen2.5:3b,270,257,0.484190,9.5163,SUCCESS
llama3.2:1b,271,1415,0.029036,17.8296,SUCCESS
qwen2.5:1.5b,271,1415,0.030365,19.3831,SUCCESS
qwen2:1.5b,271,1415,0.047037,10.4140,SUCCESS
qwen2.5:3b,271,1415,0.000000,60.0259,FAILED: timed out
llama3.2:1b,272,159,0.039093,4.2003,SUCCESS
qwen2.5:1.5b,272,159,0.260027,3.8345,SUCCESS
qwen2:1.5b,272,159,0.321810,4.4230,SUCCESS
qwen2.5:3b,272,159,0.341512,6.9117,SUCCESS
llama3.2:1b,273,1223,0.283993,22.2626,SUCCESS
qwen2.5:1.5b,273,1223,0.368950,23.9796,SUCCESS
qwen2:1.5b,273,1223,0.271799,17.9133,SUCCESS
qwen2.5:3b,273,1223,0.444378,38.5183,SUCCESS
llama3.2:1b,274,271,0.036591,5.2468,SUCCESS
qwen2.5:1.5b,274,271,0.380539,5.9744,SUCCESS
qwen2:1.5b,274,271,0.300362,5.6669,SUCCESS
qwen2.5:3b,274,271,0.488127,10.2195,SUCCESS
llama3.2:1b,275,181,0.032458,4.2765,SUCCESS
qwen2.5:1.5b,275,181,0.305779,3.9525,SUCCESS
qwen2:1.5b,275,181,0.359999,4.5091,SUCCESS
qwen2.5:3b,275,181,0.000000,6.1635,SUCCESS
llama3.2:1b,276,267,0.007940,3.9138,SUCCESS
qwen2.5:1.5b,276,267,0.392190,5.6403,SUCCESS
qwen2:1.5b,276,267,0.418318,5.5755,SUCCESS
qwen2.5:3b,276,267,0.372583,9.4625,SUCCESS
llama3.2:1b,277,159,0.043182,4.1421,SUCCESS
qwen2.5:1.5b,277,159,0.053701,3.6370,SUCCESS
qwen2:1.5b,277,159,0.057393,3.9951,SUCCESS
qwen2.5:3b,277,159,0.027014,6.7231,SUCCESS
llama3.2:1b,278,117,0.357095,4.0568,SUCCESS
qwen2.5:1.5b,278,117,0.315322,3.3349,SUCCESS
qwen2:1.5b,278,117,0.406755,3.7438,SUCCESS
qwen2.5:3b,278,117,0.434013,6.2162,SUCCESS
llama3.2:1b,279,158,0.302653,4.3876,SUCCESS
qwen2.5:1.5b,279,158,0.374981,4.1446,SUCCESS
qwen2:1.5b,279,158,0.375164,4.4783,SUCCESS
qwen2.5:3b,279,158,0.437092,7.3030,SUCCESS
llama3.2:1b,280,166,0.274738,4.5331,SUCCESS
qwen2.5:1.5b,280,166,0.038368,3.5187,SUCCESS
qwen2:1.5b,280,166,0.038458,3.8341,SUCCESS
qwen2.5:3b,280,166,0.037785,6.3690,SUCCESS
llama3.2:1b,281,268,0.036715,5.4241,SUCCESS
qwen2.5:1.5b,281,268,0.283832,5.2918,SUCCESS
qwen2:1.5b,281,268,0.285437,5.4608,SUCCESS
qwen2.5:3b,281,268,0.257107,8.8709,SUCCESS
llama3.2:1b,282,318,0.000000,2.7786,SUCCESS
qwen2.5:1.5b,282,318,0.012310,5.2204,SUCCESS
qwen2:1.5b,282,318,0.300067,6.2026,SUCCESS
qwen2.5:3b,282,318,0.314169,11.4258,SUCCESS
llama3.2:1b,283,158,0.339147,4.5771,SUCCESS
qwen2.5:1.5b,283,158,0.031877,3.4940,SUCCESS
qwen2:1.5b,283,158,0.030883,3.8369,SUCCESS
qwen2.5:3b,283,158,0.030328,6.4108,SUCCESS
llama3.2:1b,284,243,0.353458,5.7982,SUCCESS
qwen2.5:1.5b,284,243,0.343073,5.4681,SUCCESS
qwen2:1.5b,284,243,0.027369,4.4665,SUCCESS
qwen2.5:3b,284,243,0.489444,9.5984,SUCCESS
llama3.2:1b,285,234,0.031224,4.8984,SUCCESS
qwen2.5:1.5b,285,234,0.312484,4.8067,SUCCESS
qwen2:1.5b,285,234,0.156084,4.6185,SUCCESS
qwen2.5:3b,285,234,0.354161,8.7080,SUCCESS
llama3.2:1b,286,507,0.056246,7.8789,SUCCESS
qwen2.5:1.5b,286,507,0.058205,7.5031,SUCCESS
qwen2:1.5b,286,507,0.056939,7.1763,SUCCESS
qwen2.5:3b,286,507,0.055400,12.9349,SUCCESS
llama3.2:1b,287,359,0.018035,6.5551,SUCCESS
qwen2.5:1.5b,287,359,0.444777,6.9992,SUCCESS
qwen2:1.5b,287,359,0.428807,7.0625,SUCCESS
qwen2.5:3b,287,359,0.064332,10.9282,SUCCESS
llama3.2:1b,288,276,0.020552,5.2717,SUCCESS
qwen2.5:1.5b,288,276,0.371568,5.6809,SUCCESS
qwen2:1.5b,288,276,0.105040,4.9307,SUCCESS
qwen2.5:3b,288,276,0.000000,8.5860,SUCCESS
llama3.2:1b,289,455,0.020706,6.8623,SUCCESS
qwen2.5:1.5b,289,455,0.319446,7.6783,SUCCESS
qwen2:1.5b,289,455,0.054295,6.0624,SUCCESS
qwen2.5:3b,289,455,0.000065,10.0507,SUCCESS
llama3.2:1b,290,187,0.025135,4.6340,SUCCESS
qwen2.5:1.5b,290,187,0.300078,4.3551,SUCCESS
qwen2:1.5b,290,187,0.256471,4.6737,SUCCESS
qwen2.5:3b,290,187,0.327765,8.1555,SUCCESS
llama3.2:1b,291,299,0.034258,5.5383,SUCCESS
qwen2.5:1.5b,291,299,0.034452,4.8106,SUCCESS
qwen2:1.5b,291,299,0.419493,5.9056,SUCCESS
qwen2.5:3b,291,299,0.533249,10.8627,SUCCESS
llama3.2:1b,292,702,0.024874,49.4785,SUCCESS
qwen2.5:1.5b,292,702,0.037644,9.6705,SUCCESS
qwen2:1.5b,292,702,0.250168,11.1862,SUCCESS
qwen2.5:3b,292,702,0.259897,23.5928,SUCCESS
llama3.2:1b,293,449,0.033089,6.9001,SUCCESS
qwen2.5:1.5b,293,449,0.301453,8.9061,SUCCESS
qwen2:1.5b,293,449,0.114655,5.5358,SUCCESS
qwen2.5:3b,293,449,0.371609,15.2615,SUCCESS
llama3.2:1b,294,245,0.022869,5.1976,SUCCESS
qwen2.5:1.5b,294,245,0.023900,4.6620,SUCCESS
qwen2:1.5b,294,245,0.023191,4.7154,SUCCESS
qwen2.5:3b,294,245,0.441137,9.7332,SUCCESS
llama3.2:1b,295,509,0.022171,8.0737,SUCCESS
qwen2.5:1.5b,295,509,0.220719,8.5900,SUCCESS
qwen2:1.5b,295,509,0.275343,8.7601,SUCCESS
qwen2.5:3b,295,509,0.358544,15.4728,SUCCESS
llama3.2:1b,296,260,0.060336,5.2778,SUCCESS
qwen2.5:1.5b,296,260,0.231941,5.6525,SUCCESS
qwen2:1.5b,296,260,0.229453,5.5045,SUCCESS
qwen2.5:3b,296,260,0.322356,9.4363,SUCCESS
llama3.2:1b,297,234,0.000001,3.1650,SUCCESS
qwen2.5:1.5b,297,234,0.004888,4.0913,SUCCESS
qwen2:1.5b,297,234,0.010470,4.7476,SUCCESS
qwen2.5:3b,297,234,0.003780,8.3965,SUCCESS
llama3.2:1b,298,557,0.028240,9.4020,SUCCESS
qwen2.5:1.5b,298,557,0.029092,10.5520,SUCCESS
qwen2:1.5b,298,557,0.000000,60.0302,FAILED: timed out
qwen2.5:3b,298,557,0.047385,13.0670,SUCCESS
llama3.2:1b,299,694,0.068283,10.0214,SUCCESS
qwen2.5:1.5b,299,694,0.068233,9.7023,SUCCESS
qwen2:1.5b,299,694,0.068283,9.1932,SUCCESS
qwen2.5:3b,299,694,0.029293,18.1184,SUCCESS
llama3.2:1b,300,478,0.003165,6.7635,SUCCESS
qwen2.5:1.5b,300,478,0.012765,9.0819,SUCCESS
qwen2:1.5b,300,478,0.020979,8.5721,SUCCESS
qwen2.5:3b,300,478,0.018725,15.5137,SUCCESS
llama3.2:1b,301,958,0.006689,15.8655,SUCCESS
qwen2.5:1.5b,301,958,0.022474,14.8305,SUCCESS
qwen2:1.5b,301,958,0.048780,9.4708,SUCCESS
qwen2.5:3b,301,958,0.000000,60.0098,FAILED: timed out
llama3.2:1b,302,231,0.001034,3.2162,SUCCESS
qwen2.5:1.5b,302,231,0.025765,3.9779,SUCCESS
qwen2:1.5b,302,231,0.213628,4.8717,SUCCESS
qwen2.5:3b,302,231,0.357291,9.1107,SUCCESS
llama3.2:1b,303,280,0.404690,6.0124,SUCCESS
qwen2.5:1.5b,303,280,0.366306,5.8249,SUCCESS
qwen2:1.5b,303,280,0.355742,5.8949,SUCCESS
qwen2.5:3b,303,280,0.416936,10.6670,SUCCESS
llama3.2:1b,304,264,0.028010,5.0796,SUCCESS
qwen2.5:1.5b,304,264,0.026208,4.0929,SUCCESS
qwen2:1.5b,304,264,0.030122,4.5793,SUCCESS
qwen2.5:3b,304,264,0.383354,9.8468,SUCCESS
llama3.2:1b,305,358,0.214034,7.0459,SUCCESS
qwen2.5:1.5b,305,358,0.242667,6.8778,SUCCESS
qwen2:1.5b,305,358,0.243708,6.6941,SUCCESS
qwen2.5:3b,305,358,0.368863,12.1651,SUCCESS
llama3.2:1b,306,230,0.036784,4.7767,SUCCESS
qwen2.5:1.5b,306,230,0.044923,4.1902,SUCCESS
qwen2:1.5b,306,230,0.267383,5.0931,SUCCESS
qwen2.5:3b,306,230,0.402269,9.7699,SUCCESS
llama3.2:1b,307,198,0.023204,4.3510,SUCCESS
qwen2.5:1.5b,307,198,0.408907,4.5010,SUCCESS
qwen2:1.5b,307,198,0.477787,4.6451,SUCCESS
qwen2.5:3b,307,198,0.540810,8.0357,SUCCESS
llama3.2:1b,308,369,0.027223,6.1125,SUCCESS
qwen2.5:1.5b,308,369,0.348352,6.3294,SUCCESS
qwen2:1.5b,308,369,0.314278,6.2586,SUCCESS
qwen2.5:3b,308,369,0.413983,11.3277,SUCCESS
llama3.2:1b,309,463,0.017327,7.2368,SUCCESS
qwen2.5:1.5b,309,463,0.322373,8.4761,SUCCESS
qwen2:1.5b,309,463,0.000000,2.3560,SUCCESS
qwen2.5:3b,309,463,0.376984,14.1777,SUCCESS
llama3.2:1b,310,113,0.007665,2.9290,SUCCESS
qwen2.5:1.5b,310,113,0.263563,3.2643,SUCCESS
qwen2:1.5b,310,113,0.221196,3.4603,SUCCESS
qwen2.5:3b,310,113,0.391961,6.2309,SUCCESS
llama3.2:1b,311,228,0.224412,5.3226,SUCCESS
qwen2.5:1.5b,311,228,0.365259,5.2907,SUCCESS
qwen2:1.5b,311,228,0.364482,5.6669,SUCCESS
qwen2.5:3b,311,228,0.456513,9.5076,SUCCESS
llama3.2:1b,312,226,0.324638,5.6469,SUCCESS
qwen2.5:1.5b,312,226,0.428393,5.4053,SUCCESS
qwen2:1.5b,312,226,0.384960,5.4033,SUCCESS
qwen2.5:3b,312,226,0.484508,9.4448,SUCCESS
llama3.2:1b,313,236,0.377829,5.8377,SUCCESS
qwen2.5:1.5b,313,236,0.332205,5.1554,SUCCESS
qwen2:1.5b,313,236,0.337492,5.3903,SUCCESS
qwen2.5:3b,313,236,0.510328,9.6732,SUCCESS
llama3.2:1b,314,333,0.019466,5.7307,SUCCESS
qwen2.5:1.5b,314,333,0.263804,7.0867,SUCCESS
qwen2:1.5b,314,333,0.265517,6.6662,SUCCESS
qwen2.5:3b,314,333,0.331602,11.9305,SUCCESS
llama3.2:1b,315,100,0.345194,3.8888,SUCCESS
qwen2.5:1.5b,315,100,0.076260,2.6896,SUCCESS
qwen2:1.5b,315,100,0.076912,3.4229,SUCCESS
qwen2.5:3b,315,100,0.074252,5.1494,SUCCESS
llama3.2:1b,316,244,0.018301,5.0988,SUCCESS
qwen2.5:1.5b,316,244,0.226268,5.1603,SUCCESS
qwen2:1.5b,316,244,0.220015,5.6313,SUCCESS
qwen2.5:3b,316,244,0.301642,9.3874,SUCCESS
llama3.2:1b,317,296,0.032026,5.3733,SUCCESS
qwen2.5:1.5b,317,296,0.031744,4.5281,SUCCESS
qwen2:1.5b,317,296,0.030868,4.6373,SUCCESS
qwen2.5:3b,317,296,0.342837,9.8904,SUCCESS
llama3.2:1b,318,191,0.000034,2.8042,SUCCESS
qwen2.5:1.5b,318,191,0.039553,3.5635,SUCCESS
qwen2:1.5b,318,191,0.019093,3.4755,SUCCESS
qwen2.5:3b,318,191,0.038684,6.4795,SUCCESS
llama3.2:1b,319,693,0.249351,11.9066,SUCCESS
qwen2.5:1.5b,319,693,0.325726,12.6198,SUCCESS
qwen2:1.5b,319,693,0.210680,10.9485,SUCCESS
qwen2.5:3b,319,693,0.392542,21.6275,SUCCESS
llama3.2:1b,320,214,0.147519,4.7034,SUCCESS
qwen2.5:1.5b,320,214,0.253593,4.9651,SUCCESS
qwen2:1.5b,320,214,0.049960,3.1410,SUCCESS
qwen2.5:3b,320,214,0.314722,9.1052,SUCCESS
llama3.2:1b,321,257,0.040227,4.4463,SUCCESS
qwen2.5:1.5b,321,257,0.286090,5.1499,SUCCESS
qwen2:1.5b,321,257,0.196134,5.5544,SUCCESS
qwen2.5:3b,321,257,0.366830,9.7545,SUCCESS
llama3.2:1b,322,132,0.051725,3.8149,SUCCESS
qwen2.5:1.5b,322,132,0.197595,3.5318,SUCCESS
qwen2:1.5b,322,132,0.249566,3.7644,SUCCESS
qwen2.5:3b,322,132,0.295614,7.1349,SUCCESS
llama3.2:1b,323,262,0.019969,4.4718,SUCCESS
qwen2.5:1.5b,323,262,0.265172,5.5626,SUCCESS
qwen2:1.5b,323,262,0.215641,5.7092,SUCCESS
qwen2.5:3b,323,262,0.306991,10.1592,SUCCESS
llama3.2:1b,324,416,0.213589,7.2176,SUCCESS
qwen2.5:1.5b,324,416,0.284392,7.6614,SUCCESS
qwen2:1.5b,324,416,0.256746,7.5506,SUCCESS
qwen2.5:3b,324,416,0.333644,13.4991,SUCCESS
llama3.2:1b,325,520,0.266618,9.9838,SUCCESS
qwen2.5:1.5b,325,520,0.286482,9.6381,SUCCESS
qwen2:1.5b,325,520,0.267144,9.2583,SUCCESS
qwen2.5:3b,325,520,0.392838,16.6483,SUCCESS
llama3.2:1b,326,867,0.010508,11.0926,SUCCESS
qwen2.5:1.5b,326,867,0.321184,16.0910,SUCCESS
qwen2:1.5b,326,867,0.195194,11.5362,SUCCESS
qwen2.5:3b,326,867,0.400741,26.2640,SUCCESS
llama3.2:1b,327,477,0.009583,7.0909,SUCCESS
qwen2.5:1.5b,327,477,0.351215,9.4726,SUCCESS
qwen2:1.5b,327,477,0.345454,8.6418,SUCCESS
qwen2.5:3b,327,477,0.000382,11.3091,SUCCESS
llama3.2:1b,328,425,0.047417,7.1197,SUCCESS
qwen2.5:1.5b,328,425,0.050686,6.8217,SUCCESS
qwen2:1.5b,328,425,0.248589,8.0816,SUCCESS
qwen2.5:3b,328,425,0.423156,14.3959,SUCCESS
llama3.2:1b,329,228,0.019541,4.7172,SUCCESS
qwen2.5:1.5b,329,228,0.026288,4.0233,SUCCESS
qwen2:1.5b,329,228,0.027115,4.3967,SUCCESS
qwen2.5:3b,329,228,0.026967,7.4884,SUCCESS
llama3.2:1b,330,284,0.001481,3.4057,SUCCESS
qwen2.5:1.5b,330,284,0.171127,5.7424,SUCCESS
qwen2:1.5b,330,284,0.186968,5.7034,SUCCESS
qwen2.5:3b,330,284,0.299430,10.4477,SUCCESS
llama3.2:1b,331,393,0.206552,8.0703,SUCCESS
qwen2.5:1.5b,331,393,0.321380,8.6084,SUCCESS
qwen2:1.5b,331,393,0.000000,2.6070,SUCCESS
qwen2.5:3b,331,393,0.356341,13.8306,SUCCESS
llama3.2:1b,332,457,0.039406,7.2729,SUCCESS
qwen2.5:1.5b,332,457,0.267899,7.9633,SUCCESS
qwen2:1.5b,332,457,0.195941,6.3168,SUCCESS
qwen2.5:3b,332,457,0.376629,14.6198,SUCCESS
llama3.2:1b,333,310,0.040190,5.7097,SUCCESS
qwen2.5:1.5b,333,310,0.232464,6.5041,SUCCESS
qwen2:1.5b,333,310,0.255026,5.7419,SUCCESS
qwen2.5:3b,333,310,0.321719,10.6783,SUCCESS
llama3.2:1b,334,303,0.300685,6.3344,SUCCESS
qwen2.5:1.5b,334,303,0.262806,5.8105,SUCCESS
qwen2:1.5b,334,303,0.265091,5.6223,SUCCESS
qwen2.5:3b,334,303,0.372001,10.3367,SUCCESS
llama3.2:1b,335,285,0.040696,5.1246,SUCCESS
qwen2.5:1.5b,335,285,0.330262,5.7420,SUCCESS
qwen2:1.5b,335,285,0.287814,5.7675,SUCCESS
qwen2.5:3b,335,285,0.371312,10.4026,SUCCESS
llama3.2:1b,336,179,0.035488,3.8398,SUCCESS
qwen2.5:1.5b,336,179,0.282357,4.1782,SUCCESS
qwen2:1.5b,336,179,0.363094,4.4493,SUCCESS
qwen2.5:3b,336,179,0.386581,7.6779,SUCCESS
llama3.2:1b,337,240,0.029716,5.0631,SUCCESS
qwen2.5:1.5b,337,240,0.030896,4.3302,SUCCESS
qwen2:1.5b,337,240,0.312599,5.4085,SUCCESS
qwen2.5:3b,337,240,0.402575,9.4849,SUCCESS
llama3.2:1b,338,311,0.104493,9.6497,SUCCESS
qwen2.5:1.5b,338,311,0.362204,6.6681,SUCCESS
qwen2:1.5b,338,311,0.169648,4.7157,SUCCESS
qwen2.5:3b,338,311,0.385265,11.8475,SUCCESS
llama3.2:1b,339,231,0.367637,5.9687,SUCCESS
qwen2.5:1.5b,339,231,0.348895,5.0156,SUCCESS
qwen2:1.5b,339,231,0.289632,5.2622,SUCCESS
qwen2.5:3b,339,231,0.422058,9.1089,SUCCESS
llama3.2:1b,340,959,0.012369,11.9610,SUCCESS
qwen2.5:1.5b,340,959,0.328649,15.7175,SUCCESS
qwen2:1.5b,340,959,0.286914,14.0246,SUCCESS
qwen2.5:3b,340,959,0.011993,19.2483,SUCCESS
llama3.2:1b,341,211,0.021287,4.8192,SUCCESS
qwen2.5:1.5b,341,211,0.021705,4.0166,SUCCESS
qwen2:1.5b,341,211,0.309723,4.8256,SUCCESS
qwen2.5:3b,341,211,0.415711,8.6663,SUCCESS
llama3.2:1b,342,283,0.057036,5.3019,SUCCESS
qwen2.5:1.5b,342,283,0.329521,5.4708,SUCCESS
qwen2:1.5b,342,283,0.268613,5.7236,SUCCESS
qwen2.5:3b,342,283,0.387963,10.2140,SUCCESS
llama3.2:1b,343,389,0.010267,6.6146,SUCCESS
qwen2.5:1.5b,343,389,0.089518,7.6861,SUCCESS
qwen2:1.5b,343,389,0.040606,6.3947,SUCCESS
qwen2.5:3b,343,389,0.103516,14.1455,SUCCESS
llama3.2:1b,344,222,0.268941,5.6861,SUCCESS
qwen2.5:1.5b,344,222,0.346646,4.7398,SUCCESS
qwen2:1.5b,344,222,0.351201,5.1925,SUCCESS
qwen2.5:3b,344,222,0.372803,8.6801,SUCCESS
llama3.2:1b,345,363,0.231329,7.1340,SUCCESS
qwen2.5:1.5b,345,363,0.233999,7.0361,SUCCESS
qwen2:1.5b,345,363,0.265110,7.2882,SUCCESS
qwen2.5:3b,345,363,0.325495,12.8145,SUCCESS
llama3.2:1b,346,230,0.289335,5.5132,SUCCESS
qwen2.5:1.5b,346,230,0.324037,4.9874,SUCCESS
qwen2:1.5b,346,230,0.025024,4.2776,SUCCESS
qwen2.5:3b,346,230,0.425218,9.0124,SUCCESS
llama3.2:1b,347,736,0.306291,11.9160,SUCCESS
qwen2.5:1.5b,347,736,0.000000,7.9969,SUCCESS
qwen2:1.5b,347,736,0.010037,4.7302,SUCCESS
qwen2.5:3b,347,736,0.424265,22.4562,SUCCESS
llama3.2:1b,348,580,0.018179,5.2659,SUCCESS
qwen2.5:1.5b,348,580,0.178265,8.8718,SUCCESS
qwen2:1.5b,348,580,0.203455,9.1248,SUCCESS
qwen2.5:3b,348,580,0.248809,17.0389,SUCCESS
llama3.2:1b,349,268,0.279746,6.1520,SUCCESS
qwen2.5:1.5b,349,268,0.317741,5.8168,SUCCESS
qwen2:1.5b,349,268,0.280729,5.9492,SUCCESS
qwen2.5:3b,349,268,0.001923,9.2672,SUCCESS
llama3.2:1b,350,168,0.092459,3.4969,SUCCESS
qwen2.5:1.5b,350,168,0.181437,3.2095,SUCCESS
qwen2:1.5b,350,168,0.280088,4.3923,SUCCESS
qwen2.5:3b,350,168,0.276950,8.0005,SUCCESS
llama3.2:1b,351,55,0.468061,3.2931,SUCCESS
qwen2.5:1.5b,351,55,0.447602,2.4614,SUCCESS
qwen2:1.5b,351,55,0.357337,2.9416,SUCCESS
qwen2.5:3b,351,55,0.310943,4.6758,SUCCESS
llama3.2:1b,352,220,0.292313,5.0788,SUCCESS
qwen2.5:1.5b,352,220,0.000000,3.4523,SUCCESS
qwen2:1.5b,352,220,0.269015,4.9767,SUCCESS
qwen2.5:3b,352,220,0.394066,8.8219,SUCCESS
llama3.2:1b,353,257,0.045310,5.1771,SUCCESS
qwen2.5:1.5b,353,257,0.000086,5.1421,SUCCESS
qwen2:1.5b,353,257,0.210685,5.5509,SUCCESS
qwen2.5:3b,353,257,0.277549,9.8727,SUCCESS
llama3.2:1b,354,226,0.201714,4.7589,SUCCESS
qwen2.5:1.5b,354,226,0.303899,5.0834,SUCCESS
qwen2:1.5b,354,226,0.269611,5.0683,SUCCESS
qwen2.5:3b,354,226,0.403683,9.2424,SUCCESS
llama3.2:1b,355,363,0.253921,7.3447,SUCCESS
qwen2.5:1.5b,355,363,0.269187,7.1715,SUCCESS
qwen2:1.5b,355,363,0.274582,7.2902,SUCCESS
qwen2.5:3b,355,363,0.353096,12.9817,SUCCESS
llama3.2:1b,356,115,0.154450,4.2004,SUCCESS
qwen2.5:1.5b,356,115,0.125980,3.3660,SUCCESS
qwen2:1.5b,356,115,0.123652,3.7426,SUCCESS
qwen2.5:3b,356,115,0.253873,6.2249,SUCCESS
llama3.2:1b,357,239,0.278335,5.6617,SUCCESS
qwen2.5:1.5b,357,239,0.327675,5.0186,SUCCESS
qwen2:1.5b,357,239,0.343496,5.0834,SUCCESS
qwen2.5:3b,357,239,0.448332,9.1853,SUCCESS
llama3.2:1b,358,725,0.173686,13.8064,SUCCESS
qwen2.5:1.5b,358,725,0.252734,13.8139,SUCCESS
qwen2:1.5b,358,725,0.171988,10.2935,SUCCESS
qwen2.5:3b,358,725,0.358139,21.1391,SUCCESS
llama3.2:1b,359,248,0.000000,2.7831,SUCCESS
qwen2.5:1.5b,359,248,0.025200,4.4289,SUCCESS
qwen2:1.5b,359,248,0.290899,4.8297,SUCCESS
qwen2.5:3b,359,248,0.420349,9.5294,SUCCESS
llama3.2:1b,360,101,0.067707,3.4916,SUCCESS
qwen2.5:1.5b,360,101,0.188648,2.8615,SUCCESS
qwen2:1.5b,360,101,0.242267,3.3890,SUCCESS
qwen2.5:3b,360,101,0.236704,5.6920,SUCCESS
llama3.2:1b,361,936,0.009708,12.6894,SUCCESS
qwen2.5:1.5b,361,936,0.266043,17.6798,SUCCESS
qwen2:1.5b,361,936,0.000000,60.0246,FAILED: timed out
qwen2.5:3b,361,936,0.027679,23.0146,SUCCESS
llama3.2:1b,362,323,0.026527,6.0441,SUCCESS
qwen2.5:1.5b,362,323,0.000000,60.0138,FAILED: timed out
qwen2:1.5b,362,323,0.192951,6.8049,SUCCESS
qwen2.5:3b,362,323,0.275685,12.0532,SUCCESS
llama3.2:1b,363,409,0.037801,6.5567,SUCCESS
qwen2.5:1.5b,363,409,0.384129,8.0541,SUCCESS
qwen2:1.5b,363,409,0.338080,7.0731,SUCCESS
qwen2.5:3b,363,409,0.391126,13.9049,SUCCESS
llama3.2:1b,364,325,0.000000,2.7764,SUCCESS
qwen2.5:1.5b,364,325,0.274322,6.9584,SUCCESS
qwen2:1.5b,364,325,0.179643,6.8934,SUCCESS
qwen2.5:3b,364,325,0.339068,11.8444,SUCCESS
llama3.2:1b,365,250,0.182707,5.7888,SUCCESS
qwen2.5:1.5b,365,250,0.228155,5.5048,SUCCESS
qwen2:1.5b,365,250,0.227709,5.6171,SUCCESS
qwen2.5:3b,365,250,0.311654,9.7439,SUCCESS
llama3.2:1b,366,667,0.006180,9.6230,SUCCESS
qwen2.5:1.5b,366,667,0.160170,8.7170,SUCCESS
qwen2:1.5b,366,667,0.068571,6.4740,SUCCESS
qwen2.5:3b,366,667,0.301332,19.5700,SUCCESS
llama3.2:1b,367,255,0.032145,5.2731,SUCCESS
qwen2.5:1.5b,367,255,0.223888,5.8659,SUCCESS
qwen2:1.5b,367,255,0.203500,5.9184,SUCCESS
qwen2.5:3b,367,255,0.285154,10.2775,SUCCESS
llama3.2:1b,368,593,0.084940,6.6423,SUCCESS
qwen2.5:1.5b,368,593,0.288502,10.9174,SUCCESS
qwen2:1.5b,368,593,0.014518,7.8248,SUCCESS
qwen2.5:3b,368,593,0.334822,19.7621,SUCCESS
llama3.2:1b,369,320,0.265937,7.3406,SUCCESS
qwen2.5:1.5b,369,320,0.285816,6.7300,SUCCESS
qwen2:1.5b,369,320,0.240443,6.5198,SUCCESS
qwen2.5:3b,369,320,0.273848,11.9047,SUCCESS
llama3.2:1b,370,372,0.038978,6.2287,SUCCESS
qwen2.5:1.5b,370,372,0.039100,5.5496,SUCCESS
qwen2:1.5b,370,372,0.003770,3.3583,SUCCESS
qwen2.5:3b,370,372,0.040062,10.0252,SUCCESS
llama3.2:1b,371,275,0.027846,5.6482,SUCCESS
qwen2.5:1.5b,371,275,0.377895,5.9373,SUCCESS
qwen2:1.5b,371,275,0.319206,6.1703,SUCCESS
qwen2.5:3b,371,275,0.414280,10.8860,SUCCESS
llama3.2:1b,372,216,0.053417,4.8635,SUCCESS
qwen2.5:1.5b,372,216,0.454664,5.0307,SUCCESS
qwen2:1.5b,372,216,0.417682,5.2968,SUCCESS
qwen2.5:3b,372,216,0.503528,9.1082,SUCCESS
llama3.2:1b,373,239,0.051714,4.7515,SUCCESS
qwen2.5:1.5b,373,239,0.226322,5.1369,SUCCESS
qwen2:1.5b,373,239,0.211430,5.1635,SUCCESS
qwen2.5:3b,373,239,0.255983,9.4337,SUCCESS
llama3.2:1b,374,178,0.033263,4.1487,SUCCESS
qwen2.5:1.5b,374,178,0.300506,4.3267,SUCCESS
qwen2:1.5b,374,178,0.246922,4.2647,SUCCESS
qwen2.5:3b,374,178,0.400091,7.6941,SUCCESS
llama3.2:1b,375,385,0.033781,6.5285,SUCCESS
qwen2.5:1.5b,375,385,0.033645,5.8216,SUCCESS
qwen2:1.5b,375,385,0.256053,7.3421,SUCCESS
qwen2.5:3b,375,385,0.321428,13.3601,SUCCESS
llama3.2:1b,376,501,0.218305,9.2577,SUCCESS
qwen2.5:1.5b,376,501,0.227620,9.5013,SUCCESS
qwen2:1.5b,376,501,0.182121,7.5897,SUCCESS
qwen2.5:3b,376,501,0.285551,16.5368,SUCCESS
llama3.2:1b,377,162,0.206278,4.9042,SUCCESS
qwen2.5:1.5b,377,162,0.292254,4.4102,SUCCESS
qwen2:1.5b,377,162,0.265907,4.3986,SUCCESS
qwen2.5:3b,377,162,0.060656,6.6483,SUCCESS
llama3.2:1b,378,226,0.031679,4.7803,SUCCESS
qwen2.5:1.5b,378,226,0.371641,4.9761,SUCCESS
qwen2:1.5b,378,226,0.204974,4.2434,SUCCESS
qwen2.5:3b,378,226,0.345037,8.7908,SUCCESS
llama3.2:1b,379,231,0.000833,3.0054,SUCCESS
qwen2.5:1.5b,379,231,0.065113,4.3541,SUCCESS
qwen2:1.5b,379,231,0.291280,5.2113,SUCCESS
qwen2.5:3b,379,231,0.326130,8.9290,SUCCESS
llama3.2:1b,380,328,0.258070,6.3897,SUCCESS
qwen2.5:1.5b,380,328,0.261971,5.7270,SUCCESS
qwen2:1.5b,380,328,0.151508,5.1411,SUCCESS
qwen2.5:3b,380,328,0.338867,11.3969,SUCCESS
llama3.2:1b,381,203,0.000023,2.7697,SUCCESS
qwen2.5:1.5b,381,203,0.218680,4.7121,SUCCESS
qwen2:1.5b,381,203,0.272497,4.9219,SUCCESS
qwen2.5:3b,381,203,0.312567,8.6918,SUCCESS
llama3.2:1b,382,431,0.015922,6.7988,SUCCESS
qwen2.5:1.5b,382,431,0.027514,17.5104,SUCCESS
qwen2:1.5b,382,431,0.197571,8.2517,SUCCESS
qwen2.5:3b,382,431,0.297807,15.2771,SUCCESS
llama3.2:1b,383,356,0.302554,6.9734,SUCCESS
qwen2.5:1.5b,383,356,0.273245,6.3533,SUCCESS
qwen2:1.5b,383,356,0.265851,6.0904,SUCCESS
qwen2.5:3b,383,356,0.278189,11.3319,SUCCESS
llama3.2:1b,384,374,0.239287,6.9991,SUCCESS
qwen2.5:1.5b,384,374,0.289350,7.0961,SUCCESS
qwen2:1.5b,384,374,0.307595,6.4451,SUCCESS
qwen2.5:3b,384,374,0.340306,12.2656,SUCCESS
llama3.2:1b,385,247,0.276011,5.5294,SUCCESS
qwen2.5:1.5b,385,247,0.236206,4.3466,SUCCESS
qwen2:1.5b,385,247,0.251724,5.2583,SUCCESS
qwen2.5:3b,385,247,0.500720,9.8939,SUCCESS
llama3.2:1b,386,180,0.225137,4.6747,SUCCESS
qwen2.5:1.5b,386,180,0.262920,4.0079,SUCCESS
qwen2:1.5b,386,180,0.218778,4.4122,SUCCESS
qwen2.5:3b,386,180,0.310638,7.4634,SUCCESS
llama3.2:1b,387,631,0.040129,9.4581,SUCCESS
qwen2.5:1.5b,387,631,0.281086,10.9789,SUCCESS
qwen2:1.5b,387,631,0.306502,11.2135,SUCCESS
qwen2.5:3b,387,631,0.341857,18.8230,SUCCESS
llama3.2:1b,388,354,0.246036,7.7178,SUCCESS
qwen2.5:1.5b,388,354,0.035205,5.3463,SUCCESS
qwen2:1.5b,388,354,0.029767,5.1421,SUCCESS
qwen2.5:3b,388,354,0.036687,9.6614,SUCCESS
llama3.2:1b,389,165,0.281380,4.7087,SUCCESS
qwen2.5:1.5b,389,165,0.043319,3.2149,SUCCESS
qwen2:1.5b,389,165,0.038876,3.5310,SUCCESS
qwen2.5:3b,389,165,0.438099,7.1803,SUCCESS
llama3.2:1b,390,67,0.245564,2.9518,SUCCESS
qwen2.5:1.5b,390,67,0.310379,2.2827,SUCCESS
qwen2:1.5b,390,67,0.397236,2.8100,SUCCESS
qwen2.5:3b,390,67,0.446162,4.6035,SUCCESS
llama3.2:1b,391,342,0.034189,6.1636,SUCCESS
qwen2.5:1.5b,391,342,0.315799,7.2359,SUCCESS
qwen2:1.5b,391,342,0.325316,6.7224,SUCCESS
qwen2.5:3b,391,342,0.449720,12.6843,SUCCESS
llama3.2:1b,392,196,0.029948,4.4216,SUCCESS
qwen2.5:1.5b,392,196,0.279638,3.9982,SUCCESS
qwen2:1.5b,392,196,0.370424,4.3182,SUCCESS
qwen2.5:3b,392,196,0.313568,7.9041,SUCCESS
llama3.2:1b,393,603,0.049145,5.7681,SUCCESS
qwen2.5:1.5b,393,603,0.268533,11.5890,SUCCESS
qwen2:1.5b,393,603,0.205436,9.6536,SUCCESS
qwen2.5:3b,393,603,0.309181,19.3483,SUCCESS
llama3.2:1b,394,655,0.295084,10.9028,SUCCESS
qwen2.5:1.5b,394,655,0.376904,12.3196,SUCCESS
qwen2:1.5b,394,655,0.000000,60.0397,FAILED: timed out
qwen2.5:3b,394,655,0.367270,20.9902,SUCCESS
llama3.2:1b,395,346,0.271910,7.6691,SUCCESS
qwen2.5:1.5b,395,346,0.306023,6.7402,SUCCESS
qwen2:1.5b,395,346,0.027324,6.0031,SUCCESS
qwen2.5:3b,395,346,0.321370,11.6243,SUCCESS
llama3.2:1b,396,269,0.019029,5.3472,SUCCESS
qwen2.5:1.5b,396,269,0.376183,5.9054,SUCCESS
qwen2:1.5b,396,269,0.307418,6.0483,SUCCESS
qwen2.5:3b,396,269,0.421093,10.1508,SUCCESS
llama3.2:1b,397,435,0.023294,6.4062,SUCCESS
qwen2.5:1.5b,397,435,0.292863,7.9953,SUCCESS
qwen2:1.5b,397,435,0.001741,3.4295,SUCCESS
qwen2.5:3b,397,435,0.368867,14.4582,SUCCESS
llama3.2:1b,398,740,0.243738,10.7708,SUCCESS
qwen2.5:1.5b,398,740,0.358300,12.6294,SUCCESS
qwen2:1.5b,398,740,0.305077,11.4908,SUCCESS
qwen2.5:3b,398,740,0.166855,17.2455,SUCCESS
llama3.2:1b,399,531,0.036990,8.1233,SUCCESS
qwen2.5:1.5b,399,531,0.319813,9.7514,SUCCESS
qwen2:1.5b,399,531,0.283898,8.6175,SUCCESS
qwen2.5:3b,399,531,0.370015,16.5215,SUCCESS
llama3.2:1b,400,289,0.016301,5.3326,SUCCESS
qwen2.5:1.5b,400,289,0.016341,4.5234,SUCCESS
qwen2:1.5b,400,289,0.016732,4.7679,SUCCESS
qwen2.5:3b,400,289,0.017248,8.5049,SUCCESS
llama3.2:1b,401,183,0.032247,4.5665,SUCCESS
qwen2.5:1.5b,401,183,0.476887,4.5433,SUCCESS
qwen2:1.5b,401,183,0.381765,4.6165,SUCCESS
qwen2.5:3b,401,183,0.478622,8.1075,SUCCESS
llama3.2:1b,402,481,0.013996,7.1072,SUCCESS
qwen2.5:1.5b,402,481,0.316930,9.1018,SUCCESS
qwen2:1.5b,402,481,0.230305,7.0765,SUCCESS
qwen2.5:3b,402,481,0.388084,15.8109,SUCCESS
llama3.2:1b,403,664,0.245701,10.5923,SUCCESS
qwen2.5:1.5b,403,664,0.128964,8.0528,SUCCESS
qwen2:1.5b,403,664,0.223159,10.1108,SUCCESS
qwen2.5:3b,403,664,0.345905,19.0988,SUCCESS
llama3.2:1b,404,235,0.246188,5.7335,SUCCESS
qwen2.5:1.5b,404,235,0.211924,4.8023,SUCCESS
qwen2:1.5b,404,235,0.246649,5.2554,SUCCESS
qwen2.5:3b,404,235,0.371457,8.8883,SUCCESS
llama3.2:1b,405,375,0.299778,7.6436,SUCCESS
qwen2.5:1.5b,405,375,0.017676,6.1015,SUCCESS
qwen2:1.5b,405,375,0.014076,5.2178,SUCCESS
qwen2.5:3b,405,375,0.017433,10.5569,SUCCESS
llama3.2:1b,406,288,0.027697,5.0628,SUCCESS
qwen2.5:1.5b,406,288,0.032578,4.0563,SUCCESS
qwen2:1.5b,406,288,0.386716,5.9911,SUCCESS
qwen2.5:3b,406,288,0.533762,9.7640,SUCCESS
llama3.2:1b,407,179,0.483650,5.0845,SUCCESS
qwen2.5:1.5b,407,179,0.410870,4.5545,SUCCESS
qwen2:1.5b,407,179,0.324002,4.5612,SUCCESS
qwen2.5:3b,407,179,0.469027,8.0700,SUCCESS
llama3.2:1b,408,471,0.044872,7.3855,SUCCESS
qwen2.5:1.5b,408,471,0.348355,9.0784,SUCCESS
qwen2:1.5b,408,471,0.195440,6.7924,SUCCESS
qwen2.5:3b,408,471,0.399205,15.4250,SUCCESS
llama3.2:1b,409,197,0.023523,4.4358,SUCCESS
qwen2.5:1.5b,409,197,0.283349,4.6125,SUCCESS
qwen2:1.5b,409,197,0.375954,4.7981,SUCCESS
qwen2.5:3b,409,197,0.462036,8.2390,SUCCESS
llama3.2:1b,410,68,0.001389,2.7189,SUCCESS
qwen2.5:1.5b,410,68,0.408269,2.5033,SUCCESS
qwen2:1.5b,410,68,0.215312,2.9712,SUCCESS
qwen2.5:3b,410,68,0.366878,5.1528,SUCCESS
llama3.2:1b,411,209,0.001668,3.0535,SUCCESS
qwen2.5:1.5b,411,209,0.341653,4.6127,SUCCESS
qwen2:1.5b,411,209,0.338674,4.7935,SUCCESS
qwen2.5:3b,411,209,0.422274,8.0124,SUCCESS
llama3.2:1b,412,806,0.124067,12.3543,SUCCESS
qwen2.5:1.5b,412,806,0.000000,1.9069,SUCCESS
qwen2:1.5b,412,806,0.000107,3.6134,SUCCESS
qwen2.5:3b,412,806,0.327798,22.3114,SUCCESS
llama3.2:1b,413,309,0.032063,5.8223,SUCCESS
qwen2.5:1.5b,413,309,0.277068,6.5100,SUCCESS
qwen2:1.5b,413,309,0.000000,60.0265,FAILED: timed out
qwen2.5:3b,413,309,0.268928,11.4407,SUCCESS
llama3.2:1b,414,207,0.301168,4.7558,SUCCESS
qwen2.5:1.5b,414,207,0.046626,3.3870,SUCCESS
qwen2:1.5b,414,207,0.042034,3.6795,SUCCESS
qwen2.5:3b,414,207,0.041522,7.0997,SUCCESS
llama3.2:1b,415,109,0.256847,3.6735,SUCCESS
qwen2.5:1.5b,415,109,0.284430,2.7365,SUCCESS
qwen2:1.5b,415,109,0.282110,3.2641,SUCCESS
qwen2.5:3b,415,109,0.355018,5.6672,SUCCESS
llama3.2:1b,416,343,0.234345,6.6684,SUCCESS
qwen2.5:1.5b,416,343,0.000000,1.6603,SUCCESS
qwen2:1.5b,416,343,0.244081,5.8836,SUCCESS
qwen2.5:3b,416,343,0.312541,11.5684,SUCCESS
llama3.2:1b,417,366,0.027127,6.4220,SUCCESS
qwen2.5:1.5b,417,366,0.006960,5.6622,SUCCESS
qwen2:1.5b,417,366,0.261462,6.5138,SUCCESS
qwen2.5:3b,417,366,0.359599,12.3569,SUCCESS
llama3.2:1b,418,308,0.019267,4.6016,SUCCESS
qwen2.5:1.5b,418,308,0.000000,4.8251,SUCCESS
qwen2:1.5b,418,308,0.258564,6.3115,SUCCESS
qwen2.5:3b,418,308,0.453972,10.6098,SUCCESS
llama3.2:1b,419,1050,0.342306,16.5166,SUCCESS
qwen2.5:1.5b,419,1050,0.401225,18.0774,SUCCESS
qwen2:1.5b,419,1050,0.119938,13.4508,SUCCESS
qwen2.5:3b,419,1050,0.473930,29.7213,SUCCESS
llama3.2:1b,420,341,0.068952,20.9119,SUCCESS
qwen2.5:1.5b,420,341,0.274412,6.0176,SUCCESS
qwen2:1.5b,420,341,0.297727,6.4193,SUCCESS
qwen2.5:3b,420,341,0.000010,8.4639,SUCCESS
llama3.2:1b,421,235,0.051404,4.9214,SUCCESS
qwen2.5:1.5b,421,235,0.267612,5.2758,SUCCESS
qwen2:1.5b,421,235,0.233677,5.1350,SUCCESS
qwen2.5:3b,421,235,0.332709,8.8568,SUCCESS
llama3.2:1b,422,226,0.040474,4.8325,SUCCESS
qwen2.5:1.5b,422,226,0.042285,4.0067,SUCCESS
qwen2:1.5b,422,226,0.291194,5.1236,SUCCESS
qwen2.5:3b,422,226,0.426435,8.9915,SUCCESS
llama3.2:1b,423,1768,0.000000,3.6262,SUCCESS
qwen2.5:1.5b,423,1768,0.111043,16.8829,SUCCESS
qwen2:1.5b,423,1768,0.156157,18.9806,SUCCESS
qwen2.5:3b,423,1768,0.272143,35.1996,SUCCESS
llama3.2:1b,424,178,0.252655,4.9237,SUCCESS
qwen2.5:1.5b,424,178,0.248732,4.0210,SUCCESS
qwen2:1.5b,424,178,0.235284,4.1713,SUCCESS
qwen2.5:3b,424,178,0.343849,7.1882,SUCCESS
llama3.2:1b,425,145,0.049729,3.9435,SUCCESS
qwen2.5:1.5b,425,145,0.292758,3.6010,SUCCESS
qwen2:1.5b,425,145,0.281780,3.8160,SUCCESS
qwen2.5:3b,425,145,0.000873,5.7394,SUCCESS
llama3.2:1b,426,121,0.212481,4.1480,SUCCESS
qwen2.5:1.5b,426,121,0.021552,2.9080,SUCCESS
qwen2:1.5b,426,121,0.191538,3.7118,SUCCESS
qwen2.5:3b,426,121,0.287098,6.4824,SUCCESS
llama3.2:1b,427,385,0.031561,6.9650,SUCCESS
qwen2.5:1.5b,427,385,0.210500,7.1692,SUCCESS
qwen2:1.5b,427,385,0.180904,6.9495,SUCCESS
qwen2.5:3b,427,385,0.275895,12.9780,SUCCESS
llama3.2:1b,428,616,0.128206,8.0027,SUCCESS
qwen2.5:1.5b,428,616,0.258672,11.8750,SUCCESS
qwen2:1.5b,428,616,0.215750,10.9753,SUCCESS
qwen2.5:3b,428,616,0.357901,19.7792,SUCCESS
llama3.2:1b,429,417,0.306510,8.1113,SUCCESS
qwen2.5:1.5b,429,417,0.284005,8.0526,SUCCESS
qwen2:1.5b,429,417,0.076752,6.7386,SUCCESS
qwen2.5:3b,429,417,0.403573,13.7386,SUCCESS
llama3.2:1b,430,736,0.164087,9.3371,SUCCESS
qwen2.5:1.5b,430,736,0.013737,10.1845,SUCCESS
qwen2:1.5b,430,736,0.013839,9.6581,SUCCESS
qwen2.5:3b,430,736,0.013773,17.1506,SUCCESS
llama3.2:1b,431,370,0.320537,7.5661,SUCCESS
qwen2.5:1.5b,431,370,0.302144,7.0981,SUCCESS
qwen2:1.5b,431,370,0.192919,5.5317,SUCCESS
qwen2.5:3b,431,370,0.233231,8.6177,SUCCESS
llama3.2:1b,432,253,0.008139,3.5845,SUCCESS
qwen2.5:1.5b,432,253,0.008228,4.6139,SUCCESS
qwen2:1.5b,432,253,0.230212,5.6732,SUCCESS
qwen2.5:3b,432,253,0.334240,9.5786,SUCCESS
llama3.2:1b,433,345,0.304096,6.6931,SUCCESS
qwen2.5:1.5b,433,345,0.000000,60.0343,FAILED: timed out
qwen2:1.5b,433,345,0.043738,6.0165,SUCCESS
qwen2.5:3b,433,345,0.395121,12.2705,SUCCESS
llama3.2:1b,434,422,0.283494,8.1935,SUCCESS
qwen2.5:1.5b,434,422,0.295855,8.4910,SUCCESS
qwen2:1.5b,434,422,0.223519,7.0943,SUCCESS
qwen2.5:3b,434,422,0.379166,14.3181,SUCCESS
llama3.2:1b,435,340,0.044824,5.8668,SUCCESS
qwen2.5:1.5b,435,340,0.277712,7.0163,SUCCESS
qwen2:1.5b,435,340,0.044704,5.4333,SUCCESS
qwen2.5:3b,435,340,0.020932,10.3998,SUCCESS
llama3.2:1b,436,284,0.035084,5.5721,SUCCESS
qwen2.5:1.5b,436,284,0.035955,4.7918,SUCCESS
qwen2:1.5b,436,284,0.351075,6.0179,SUCCESS
qwen2.5:3b,436,284,0.460486,10.9420,SUCCESS
llama3.2:1b,437,169,0.038468,4.1225,SUCCESS
qwen2.5:1.5b,437,169,0.389961,3.7320,SUCCESS
qwen2:1.5b,437,169,0.371859,3.9067,SUCCESS
qwen2.5:3b,437,169,0.473081,6.7012,SUCCESS
llama3.2:1b,438,308,0.016512,4.5567,SUCCESS
qwen2.5:1.5b,438,308,0.291555,5.7076,SUCCESS
qwen2:1.5b,438,308,0.000000,60.0076,FAILED: timed out
qwen2.5:3b,438,308,0.450332,10.8035,SUCCESS
llama3.2:1b,439,316,0.015840,4.1357,SUCCESS
qwen2.5:1.5b,439,316,0.041900,4.4411,SUCCESS
qwen2:1.5b,439,316,0.018764,3.0652,SUCCESS
qwen2.5:3b,439,316,0.475154,9.8269,SUCCESS
llama3.2:1b,440,425,0.008027,4.1797,SUCCESS
qwen2.5:1.5b,440,425,0.339433,8.2339,SUCCESS
qwen2:1.5b,440,425,0.227917,6.4049,SUCCESS
qwen2.5:3b,440,425,0.433429,13.4902,SUCCESS
llama3.2:1b,441,217,0.314381,5.4191,SUCCESS
qwen2.5:1.5b,441,217,0.345350,4.8682,SUCCESS
qwen2:1.5b,441,217,0.368841,4.7624,SUCCESS
qwen2.5:3b,441,217,0.459973,8.4955,SUCCESS
llama3.2:1b,442,507,0.031773,7.4874,SUCCESS
qwen2.5:1.5b,442,507,0.031975,6.8292,SUCCESS
qwen2:1.5b,442,507,0.308876,7.8080,SUCCESS
qwen2.5:3b,442,507,0.428472,14.1194,SUCCESS
llama3.2:1b,443,540,0.000000,60.0157,FAILED: timed out
qwen2.5:1.5b,443,540,0.293374,10.3949,SUCCESS
qwen2:1.5b,443,540,0.183207,7.8800,SUCCESS
qwen2.5:3b,443,540,0.000000,13.0330,SUCCESS
llama3.2:1b,444,280,0.019468,5.1716,SUCCESS
qwen2.5:1.5b,444,280,0.022075,4.7705,SUCCESS
qwen2:1.5b,444,280,0.021833,4.9305,SUCCESS
qwen2.5:3b,444,280,0.021931,8.5866,SUCCESS
llama3.2:1b,445,1153,0.006675,14.6210,SUCCESS
qwen2.5:1.5b,445,1153,0.309158,19.7790,SUCCESS
qwen2:1.5b,445,1153,0.320718,17.2197,SUCCESS
qwen2.5:3b,445,1153,0.386879,30.3799,SUCCESS
llama3.2:1b,446,214,0.061605,4.8330,SUCCESS
qwen2.5:1.5b,446,214,0.463427,4.8655,SUCCESS
qwen2:1.5b,446,214,0.405043,4.6821,SUCCESS
qwen2.5:3b,446,214,0.000000,6.7465,SUCCESS
llama3.2:1b,447,309,0.022423,5.2633,SUCCESS
qwen2.5:1.5b,447,309,0.022308,4.4556,SUCCESS
qwen2:1.5b,447,309,0.335978,5.5333,SUCCESS
qwen2.5:3b,447,309,0.000000,7.4950,SUCCESS
llama3.2:1b,448,1149,0.275634,16.7821,SUCCESS
qwen2.5:1.5b,448,1149,0.374710,20.0877,SUCCESS
qwen2:1.5b,448,1149,0.250117,14.7000,SUCCESS
qwen2.5:3b,448,1149,0.460028,31.8224,SUCCESS
llama3.2:1b,449,279,0.037499,5.1425,SUCCESS
qwen2.5:1.5b,449,279,0.043157,4.7202,SUCCESS
qwen2:1.5b,449,279,0.254284,4.7529,SUCCESS
qwen2.5:3b,449,279,0.391440,9.8579,SUCCESS
llama3.2:1b,450,134,0.031993,3.6805,SUCCESS
qwen2.5:1.5b,450,134,0.031993,2.8515,SUCCESS
qwen2:1.5b,450,134,0.274889,3.6896,SUCCESS
qwen2.5:3b,450,134,0.443951,6.0044,SUCCESS
llama3.2:1b,451,231,0.024569,4.7085,SUCCESS
qwen2.5:1.5b,451,231,0.253012,4.2152,SUCCESS
qwen2:1.5b,451,231,0.288726,4.5118,SUCCESS
qwen2.5:3b,451,231,0.455769,9.3836,SUCCESS
llama3.2:1b,452,158,0.030859,3.8801,SUCCESS
qwen2.5:1.5b,452,158,0.277014,4.0858,SUCCESS
qwen2:1.5b,452,158,0.040905,3.9186,SUCCESS
qwen2.5:3b,452,158,0.274982,6.9935,SUCCESS
llama3.2:1b,453,98,0.069906,3.5856,SUCCESS
qwen2.5:1.5b,453,98,0.069906,2.6681,SUCCESS
qwen2:1.5b,453,98,0.289417,3.5322,SUCCESS
qwen2.5:3b,453,98,0.380239,6.0218,SUCCESS
llama3.2:1b,454,762,0.030228,10.2153,SUCCESS
qwen2.5:1.5b,454,762,0.220970,10.0548,SUCCESS
qwen2:1.5b,454,762,0.165186,8.6928,SUCCESS
qwen2.5:3b,454,762,0.441056,23.9438,SUCCESS
llama3.2:1b,455,280,0.000632,3.1369,SUCCESS
qwen2.5:1.5b,455,280,0.036967,4.5711,SUCCESS
qwen2:1.5b,455,280,0.037434,4.8034,SUCCESS
qwen2.5:3b,455,280,0.251307,8.6526,SUCCESS
llama3.2:1b,456,352,0.000000,2.8268,SUCCESS
qwen2.5:1.5b,456,352,0.320357,6.0681,SUCCESS
qwen2:1.5b,456,352,0.276373,6.0992,SUCCESS
qwen2.5:3b,456,352,0.436458,12.7818,SUCCESS
llama3.2:1b,457,224,0.019072,4.7106,SUCCESS
qwen2.5:1.5b,457,224,0.019072,3.9055,SUCCESS
qwen2:1.5b,457,224,0.305966,4.6174,SUCCESS
qwen2.5:3b,457,224,0.405091,8.7816,SUCCESS
llama3.2:1b,458,197,0.000043,2.8427,SUCCESS
qwen2.5:1.5b,458,197,0.000000,3.2081,SUCCESS
qwen2:1.5b,458,197,0.391242,4.5135,SUCCESS
qwen2.5:3b,458,197,0.432090,8.6635,SUCCESS
llama3.2:1b,459,442,0.031954,7.3349,SUCCESS
qwen2.5:1.5b,459,442,0.267420,8.7213,SUCCESS
qwen2:1.5b,459,442,0.273649,7.9979,SUCCESS
qwen2.5:3b,459,442,0.385265,14.2888,SUCCESS
llama3.2:1b,460,317,0.316372,6.6482,SUCCESS
qwen2.5:1.5b,460,317,0.295743,6.7679,SUCCESS
qwen2:1.5b,460,317,0.327789,6.3410,SUCCESS
qwen2.5:3b,460,317,0.358318,10.7894,SUCCESS
llama3.2:1b,461,1174,0.000837,8.2890,SUCCESS
qwen2.5:1.5b,461,1174,0.004760,16.4080,SUCCESS
qwen2:1.5b,461,1174,0.016830,8.9577,SUCCESS
qwen2.5:3b,461,1174,0.057662,18.9161,SUCCESS
llama3.2:1b,462,995,0.102967,9.9001,SUCCESS
qwen2.5:1.5b,462,995,0.246376,16.1099,SUCCESS
qwen2:1.5b,462,995,0.248767,15.0030,SUCCESS
qwen2.5:3b,462,995,0.328026,24.2904,SUCCESS
llama3.2:1b,463,244,0.000000,2.7083,SUCCESS
qwen2.5:1.5b,463,244,0.359039,4.9302,SUCCESS
qwen2:1.5b,463,244,0.349608,5.0187,SUCCESS
qwen2.5:3b,463,244,0.404831,8.9327,SUCCESS
llama3.2:1b,464,716,0.000028,3.7920,SUCCESS
qwen2.5:1.5b,464,716,0.195241,9.6202,SUCCESS
qwen2:1.5b,464,716,0.010316,4.6289,SUCCESS
qwen2.5:3b,464,716,0.000000,60.0230,FAILED: timed out
llama3.2:1b,465,337,0.290777,6.5796,SUCCESS
qwen2.5:1.5b,465,337,0.309011,6.8375,SUCCESS
qwen2:1.5b,465,337,0.363314,6.8242,SUCCESS
qwen2.5:3b,465,337,0.251769,10.4462,SUCCESS
llama3.2:1b,466,158,0.339555,4.7006,SUCCESS
qwen2.5:1.5b,466,158,0.388645,4.1071,SUCCESS
qwen2:1.5b,466,158,0.438801,4.3583,SUCCESS
qwen2.5:3b,466,158,0.407932,7.5346,SUCCESS
llama3.2:1b,467,567,0.013274,54.2115,SUCCESS
qwen2.5:1.5b,467,567,0.379401,10.0284,SUCCESS
qwen2:1.5b,467,567,0.286462,8.1187,SUCCESS
qwen2.5:3b,467,567,0.490312,18.2224,SUCCESS
llama3.2:1b,468,290,0.226070,6.5577,SUCCESS
qwen2.5:1.5b,468,290,0.312977,6.0171,SUCCESS
qwen2:1.5b,468,290,0.175404,5.4847,SUCCESS
qwen2.5:3b,468,290,0.354578,10.5354,SUCCESS
llama3.2:1b,469,223,0.112319,7.6925,SUCCESS
qwen2.5:1.5b,469,223,0.051412,4.0555,SUCCESS
qwen2:1.5b,469,223,0.050621,4.3120,SUCCESS
qwen2.5:3b,469,223,0.053751,7.4634,SUCCESS
llama3.2:1b,470,288,0.253888,5.7637,SUCCESS
qwen2.5:1.5b,470,288,0.295437,6.0214,SUCCESS
qwen2:1.5b,470,288,0.330814,5.6175,SUCCESS
qwen2.5:3b,470,288,0.436570,10.0497,SUCCESS
llama3.2:1b,471,247,0.030435,5.0520,SUCCESS
qwen2.5:1.5b,471,247,0.030498,4.3290,SUCCESS
qwen2:1.5b,471,247,0.220130,5.6912,SUCCESS
qwen2.5:3b,471,247,0.417021,9.4694,SUCCESS
llama3.2:1b,472,130,0.313079,4.2229,SUCCESS
qwen2.5:1.5b,472,130,0.298572,3.5436,SUCCESS
qwen2:1.5b,472,130,0.367501,3.7498,SUCCESS
qwen2.5:3b,472,130,0.352095,6.3677,SUCCESS
llama3.2:1b,473,371,0.217160,6.8131,SUCCESS
qwen2.5:1.5b,473,371,0.248002,7.3488,SUCCESS
qwen2:1.5b,473,371,0.187457,6.4544,SUCCESS
qwen2.5:3b,473,371,0.344845,13.2124,SUCCESS
llama3.2:1b,474,283,0.066072,5.2745,SUCCESS
qwen2.5:1.5b,474,283,0.000000,4.2221,SUCCESS
qwen2:1.5b,474,283,0.269750,5.6293,SUCCESS
qwen2.5:3b,474,283,0.329616,10.2409,SUCCESS
llama3.2:1b,475,469,0.013586,7.2106,SUCCESS
qwen2.5:1.5b,475,469,0.320895,9.1441,SUCCESS
qwen2:1.5b,475,469,0.013605,6.5259,SUCCESS
qwen2.5:3b,475,469,0.252551,13.6822,SUCCESS
llama3.2:1b,476,392,0.184801,7.6354,SUCCESS
qwen2.5:1.5b,476,392,0.000000,5.0779,SUCCESS
qwen2:1.5b,476,392,0.199384,7.5905,SUCCESS
qwen2.5:3b,476,392,0.000000,60.0331,FAILED: timed out
llama3.2:1b,477,440,0.039268,6.9633,SUCCESS
qwen2.5:1.5b,477,440,0.351438,8.4448,SUCCESS
qwen2:1.5b,477,440,0.258436,8.4633,SUCCESS
qwen2.5:3b,477,440,0.444847,14.5701,SUCCESS
llama3.2:1b,478,77,0.032056,3.0624,SUCCESS
qwen2.5:1.5b,478,77,0.320161,2.7278,SUCCESS
qwen2:1.5b,478,77,0.309027,3.1078,SUCCESS
qwen2.5:3b,478,77,0.411733,5.2307,SUCCESS
llama3.2:1b,479,232,0.062102,4.7232,SUCCESS
qwen2.5:1.5b,479,232,0.279174,4.9745,SUCCESS
qwen2:1.5b,479,232,0.290143,4.5286,SUCCESS
qwen2.5:3b,479,232,0.411500,8.5052,SUCCESS
llama3.2:1b,480,446,0.009048,4.7190,SUCCESS
qwen2.5:1.5b,480,446,0.040575,6.6660,SUCCESS
qwen2:1.5b,480,446,0.041824,6.7196,SUCCESS
qwen2.5:3b,480,446,0.042726,11.9688,SUCCESS
llama3.2:1b,481,416,0.012750,5.4447,SUCCESS
qwen2.5:1.5b,481,416,0.274271,8.1685,SUCCESS
qwen2:1.5b,481,416,0.296932,7.3135,SUCCESS
qwen2.5:3b,481,416,0.334828,14.2039,SUCCESS
llama3.2:1b,482,277,0.047148,5.1745,SUCCESS
qwen2.5:1.5b,482,277,0.055922,4.6724,SUCCESS
qwen2:1.5b,482,277,0.282877,5.3239,SUCCESS
qwen2.5:3b,482,277,0.334970,9.9768,SUCCESS
llama3.2:1b,483,379,0.046396,6.3024,SUCCESS
qwen2.5:1.5b,483,379,0.317570,7.7687,SUCCESS
qwen2:1.5b,483,379,0.296736,7.1010,SUCCESS
qwen2.5:3b,483,379,0.348823,12.2087,SUCCESS
llama3.2:1b,484,233,0.019807,4.9371,SUCCESS
qwen2.5:1.5b,484,233,0.369674,5.3229,SUCCESS
qwen2:1.5b,484,233,0.264776,4.9748,SUCCESS
qwen2.5:3b,484,233,0.390308,9.3092,SUCCESS
llama3.2:1b,485,433,0.012073,7.0625,SUCCESS
qwen2.5:1.5b,485,433,0.254299,8.4708,SUCCESS
qwen2:1.5b,485,433,0.244820,8.0686,SUCCESS
qwen2.5:3b,485,433,0.301612,14.0428,SUCCESS
llama3.2:1b,486,175,0.050899,4.5209,SUCCESS
qwen2.5:1.5b,486,175,0.050352,3.4369,SUCCESS
qwen2:1.5b,486,175,0.351845,4.1856,SUCCESS
qwen2.5:3b,486,175,0.333164,7.0514,SUCCESS
llama3.2:1b,487,278,0.032207,5.0828,SUCCESS
qwen2.5:1.5b,487,278,0.033614,4.3685,SUCCESS
qwen2:1.5b,487,278,0.033697,4.5783,SUCCESS
qwen2.5:3b,487,278,0.033447,7.8701,SUCCESS
llama3.2:1b,488,263,0.024635,4.7275,SUCCESS
qwen2.5:1.5b,488,263,0.000000,3.6697,SUCCESS
qwen2:1.5b,488,263,0.244391,5.6677,SUCCESS
qwen2.5:3b,488,263,0.327513,9.8435,SUCCESS
llama3.2:1b,489,620,0.014372,35.1735,SUCCESS
qwen2.5:1.5b,489,620,0.280138,10.5350,SUCCESS
qwen2:1.5b,489,620,0.275097,9.0914,SUCCESS
qwen2.5:3b,489,620,0.441193,18.3335,SUCCESS
llama3.2:1b,490,283,0.095472,7.1051,SUCCESS
qwen2.5:1.5b,490,283,0.359989,7.9407,SUCCESS
qwen2:1.5b,490,283,0.381378,7.5314,SUCCESS
qwen2.5:3b,490,283,0.475301,13.4070,SUCCESS
llama3.2:1b,491,375,0.316932,7.0665,SUCCESS
qwen2.5:1.5b,491,375,0.011741,5.6216,SUCCESS
qwen2:1.5b,491,375,0.011851,5.7218,SUCCESS
qwen2.5:3b,491,375,0.011172,9.8364,SUCCESS
llama3.2:1b,492,247,0.000006,2.8216,SUCCESS
qwen2.5:1.5b,492,247,0.333574,5.0187,SUCCESS
qwen2:1.5b,492,247,0.380728,5.1189,SUCCESS
qwen2.5:3b,492,247,0.350482,9.5679,SUCCESS
llama3.2:1b,493,261,0.020935,5.2920,SUCCESS
qwen2.5:1.5b,493,261,0.436265,5.8686,SUCCESS
qwen2:1.5b,493,261,0.383548,5.8097,SUCCESS
qwen2.5:3b,493,261,0.475275,10.4653,SUCCESS
llama3.2:1b,494,441,0.227561,7.1931,SUCCESS
qwen2.5:1.5b,494,441,0.322371,8.5262,SUCCESS
qwen2:1.5b,494,441,0.000000,3.1164,SUCCESS
qwen2.5:3b,494,441,0.388687,13.7345,SUCCESS
llama3.2:1b,495,200,0.000000,2.7173,SUCCESS
qwen2.5:1.5b,495,200,0.013887,3.7032,SUCCESS
qwen2:1.5b,495,200,0.176510,4.7821,SUCCESS
qwen2.5:3b,495,200,0.376328,8.5920,SUCCESS
llama3.2:1b,496,375,0.309667,7.0584,SUCCESS
qwen2.5:1.5b,496,375,0.337158,6.8107,SUCCESS
qwen2:1.5b,496,375,0.263254,6.4833,SUCCESS
qwen2.5:3b,496,375,0.349335,12.4999,SUCCESS
llama3.2:1b,497,297,0.029674,5.3154,SUCCESS
qwen2.5:1.5b,497,297,0.045606,4.9501,SUCCESS
qwen2:1.5b,497,297,0.045719,5.0887,SUCCESS
qwen2.5:3b,497,297,0.277672,11.0088,SUCCESS
llama3.2:1b,498,222,0.328152,5.5333,SUCCESS
qwen2.5:1.5b,498,222,0.013786,3.7224,SUCCESS
qwen2:1.5b,498,222,0.015293,4.1724,SUCCESS
qwen2.5:3b,498,222,0.015212,7.1087,SUCCESS
llama3.2:1b,499,342,0.009815,6.2885,SUCCESS
qwen2.5:1.5b,499,342,0.306077,7.1491,SUCCESS
qwen2:1.5b,499,342,0.009803,5.7254,SUCCESS
qwen2.5:3b,499,342,0.447668,12.1065,SUCCESS
llama3.2:1b,500,223,0.018681,4.8851,SUCCESS
qwen2.5:1.5b,500,223,0.269550,4.8917,SUCCESS
qwen2:1.5b,500,223,0.275217,5.3032,SUCCESS
qwen2.5:3b,500,223,0.310960,8.9384,SUCCESS
